Product_Name,Product_Type,Total_Produced,Total_Sold,Damaged_Units,Month,Year,Edition_Type,Unit_Price,Target_Gender,Sell_Through_Rate,Damage_Rate,Unsold_Inventory,Estimated_Revenue,Quarter,Snapshot_Date,Price_Bucket,Manufacturing_Date,Selling_Date,Performance_Score,Sneaker_Grade,Units_Received
Nike Air Force 1 '07 Sneakers,Creamy,24592,5819,9012,September,2017,Limited,115,Men,23.66%,36.65%,9761,669185,Q3,9/1/2017,High,9/1/2017,11/6/2017,-12.9838972,E,24592
Adidas Originals Samba OG Shoes,Creamy,81482,16395,38698,September,2019,Standard,100,Men,20.12%,47.49%,26389,1639500,Q3,9/1/2019,Mid,9/1/2019,9/30/2019,-27.37168945,E,81482
Air Jordan 1 Mid Shoes,Peanut Butter,76237,8478,26062,January,2023,Special Release,110,Women,11.12%,34.19%,41697,932580,Q1,1/1/2023,High,1/1/2023,3/28/2023,-23.06491599,E,76237
Red Tape Casual Sneakers,Brownie,46463,5425,10463,October,2022,Anniversary,35,Men,11.68%,22.52%,30575,189875,Q4,10/1/2022,Low,10/1/2022,12/15/2022,-10.84303639,E,46463
Nike Court Vision Low Shoes,Peanut Butter,54118,11698,6078,April,2019,Standard,80,Women,21.62%,11.23%,36342,935840,Q2,4/1/2019,Mid,4/1/2019,5/6/2019,10.38471488,D,54118
Puma Smash V2 Sneakers,Brownie,44671,7847,30108,January,2021,Standard,65,Women,17.57%,67.4%,6716,510055,Q1,1/1/2021,Mid,1/1/2021,3/31/2021,-49.83322513,E,44671
Converse Chuck Taylor All Star,Classic,82357,43427,23700,June,2021,Limited,60,Men,52.73%,28.78%,15230,2605620,Q2,6/1/2021,Mid,6/1/2021,8/29/2021,23.95303374,D,82357
New Balance 574 Core,Creamy,39871,23965,1307,August,2024,Limited,90,Women,60.11%,3.28%,14599,2156850,Q3,8/1/2024,Mid,8/1/2024,9/8/2024,56.82827117,B,39871
Reebok Classic Leather,Almond,69429,46660,11954,October,2016,Holiday,85,Women,67.21%,17.22%,10815,3966100,Q4,10/1/2016,Mid,10/1/2016,10/18/2016,49.98775728,B,69429
Under Armour Charged Assert 9,Creamy,99593,89939,1169,October,2021,Limited,75,Men,90.31%,1.17%,8485,6745425,Q4,10/1/2021,Mid,10/1/2021,11/6/2021,89.13277038,A,99593
Fila Disruptor II Premium,Peanut Butter,70589,54735,4422,March,2022,Special Release,70,Women,77.54%,6.26%,11432,3831450,Q1,3/1/2022,Mid,3/1/2022,5/7/2022,71.27597784,B,70589
ASICS Gel-Quantum 90,White Chocolate,17331,8752,525,January,2024,Holiday,100,Men,50.5%,3.03%,8054,875200,Q1,1/1/2024,Mid,1/1/2024,1/17/2024,47.46985171,B,17331
Skechers D'Lites,Peanut Butter,84341,46245,13934,May,2022,Anniversary,75,Women,54.83%,16.52%,24162,3468375,Q2,5/1/2022,Mid,5/1/2022,6/14/2022,38.30995601,C,84341
Vans Old Skool,Peanut Butter,44718,14150,8081,May,2023,Special Release,70,Women,31.64%,18.07%,22487,990500,Q2,5/1/2023,Mid,5/1/2023,6/22/2023,13.57171609,D,44718
Onitsuka Tiger Mexico 66,Brownie,62350,28723,14373,July,2016,Special Release,100,Men,46.07%,23.05%,19254,2872300,Q3,7/1/2016,Mid,7/1/2016,7/17/2016,23.01523657,D,62350
Lacoste Carnaby Evo,White Chocolate,24371,10008,10280,October,2016,Anniversary,95,Women,41.07%,42.18%,4083,950760,Q4,10/1/2016,Mid,10/1/2016,12/18/2016,-1.116080588,D,24371
Superga 2750 Cotu Classic,Crisper,88104,66348,17338,October,2017,Special Release,65,Men,75.31%,19.68%,4418,4312620,Q4,10/1/2017,Mid,10/1/2017,12/14/2017,55.6274403,B,88104
Hoka One One Clifton 8,Creamy,25014,22595,1092,August,2023,Holiday,140,Women,90.33%,4.37%,1327,3163300,Q3,8/1/2023,High,8/1/2023,9/5/2023,85.96386024,A,25014
Saucony Jazz Original,Peanut Butter,69470,5212,62509,February,2023,Holiday,80,Men,7.5%,89.98%,1749,416960,Q1,2/1/2023,Mid,2/1/2023,3/20/2023,-82.47732834,E,69470
Columbia Trailstorm Waterproof,Brownie,23947,14779,8317,October,2021,Limited,110,Men,61.72%,34.73%,851,1625690,Q4,10/1/2021,High,10/1/2021,12/30/2021,26.98459097,C,23947
Nike Air Force 1 '07 Sneakers,Brownie,79514,5074,42487,June,2020,Standard,115,Women,6.38%,53.43%,31953,583510,Q2,6/1/2020,High,6/1/2020,8/12/2020,-47.05209146,E,79514
Adidas Originals Samba OG Shoes,White Chocolate,50306,20692,1898,September,2017,Special Release,100,Men,41.13%,3.77%,27716,2069200,Q3,9/1/2017,Mid,9/1/2017,10/7/2017,37.35936071,C,50306
Air Jordan 1 Mid Shoes,Creamy,73699,14071,49846,December,2020,Limited,110,Women,19.09%,67.63%,9782,1547810,Q4,12/1/2020,High,12/1/2020,2/2/2021,-48.54204263,E,73699
Red Tape Casual Sneakers,Brownie,31643,13685,17290,October,2024,Special Release,35,Men,43.25%,54.64%,668,478975,Q4,10/1/2024,Low,10/1/2024,12/13/2024,-11.39272509,E,31643
Nike Court Vision Low Shoes,Brownie,36365,28361,2553,June,2019,Holiday,80,Women,77.99%,7.02%,5451,2268880,Q2,6/1/2019,Mid,6/1/2019,7/27/2019,70.96933865,B,36365
Puma Smash V2 Sneakers,Classic,42493,19725,2098,October,2018,Standard,65,Men,46.42%,4.94%,20670,1282125,Q4,10/1/2018,Mid,10/1/2018,12/14/2018,41.48212647,C,42493
Converse Chuck Taylor All Star,Brownie,38864,5471,4652,December,2022,Standard,60,Men,14.08%,11.97%,28741,328260,Q4,12/1/2022,Mid,12/1/2022,12/30/2022,2.107348703,D,38864
New Balance 574 Core,White Chocolate,53309,9643,33695,September,2017,Holiday,90,Men,18.09%,63.21%,9971,867870,Q3,9/1/2017,Mid,9/1/2017,11/16/2017,-45.11808513,E,53309
Reebok Classic Leather,Brownie,27342,23711,2360,April,2020,Limited,85,Women,86.72%,8.63%,1271,2015435,Q2,4/1/2020,Mid,4/1/2020,6/16/2020,78.08865482,A,27342
Under Armour Charged Assert 9,Peanut Butter,22363,8176,10796,November,2019,Holiday,75,Women,36.56%,48.28%,3391,613200,Q4,11/1/2019,Mid,11/1/2019,1/1/2020,-11.71578053,E,22363
Fila Disruptor II Premium,White Chocolate,17100,16032,201,September,2015,Anniversary,70,Men,93.75%,1.18%,867,1122240,Q3,9/1/2015,Mid,9/1/2015,11/16/2015,92.57894737,A,17100
ASICS Gel-Quantum 90,Peanut Butter,35112,11232,17573,January,2020,Limited,100,Women,31.99%,50.05%,6307,1123200,Q1,1/1/2020,Mid,1/1/2020,3/6/2020,-18.05935293,E,35112
Skechers D'Lites,Crisper,42742,9940,29041,January,2024,Special Release,75,Men,23.26%,67.94%,3761,745500,Q1,1/1/2024,Mid,1/1/2024,3/10/2024,-44.68906462,E,42742
Vans Old Skool,Classic,40982,15899,13317,June,2020,Anniversary,70,Women,38.8%,32.49%,11766,1112930,Q2,6/1/2020,Mid,6/1/2020,8/18/2020,6.300326973,D,40982
Onitsuka Tiger Mexico 66,Classic,31579,17418,35,May,2019,Holiday,100,Women,55.16%,0.11%,14126,1741800,Q2,5/1/2019,Mid,5/1/2019,5/18/2019,55.04607492,B,31579
Lacoste Carnaby Evo,Almond,65444,50651,11968,October,2023,Special Release,95,Women,77.4%,18.29%,2825,4811845,Q4,10/1/2023,Mid,10/1/2023,12/5/2023,59.10855082,B,65444
Superga 2750 Cotu Classic,Peanut Butter,34890,14722,7133,August,2015,Special Release,65,Men,42.2%,20.44%,13035,956930,Q3,8/1/2015,Mid,8/1/2015,8/22/2015,21.75121811,D,34890
Hoka One One Clifton 8,Creamy,51104,8746,3286,July,2021,Anniversary,140,Men,17.11%,6.43%,39072,1224440,Q3,7/1/2021,High,7/1/2021,8/5/2021,10.68409518,D,51104
Saucony Jazz Original,Classic,76562,15500,55793,January,2017,Standard,80,Men,20.25%,72.87%,5269,1240000,Q1,1/1/2017,Mid,1/1/2017,3/29/2017,-52.62793553,E,76562
Columbia Trailstorm Waterproof,Crisper,25713,23667,504,June,2021,Special Release,110,Men,92.04%,1.96%,1542,2603370,Q2,6/1/2021,High,6/1/2021,7/24/2021,90.08283748,A,25713
Nike Air Force 1 '07 Sneakers,Crisper,96163,81503,9260,November,2020,Holiday,115,Men,84.76%,9.63%,5400,9372845,Q4,11/1/2020,High,11/1/2020,12/3/2020,75.12556805,A,96163
Adidas Originals Samba OG Shoes,Creamy,51180,20642,8703,June,2019,Limited,100,Women,40.33%,17.0%,21835,2064200,Q2,6/1/2019,Mid,6/1/2019,6/19/2019,23.32747167,D,51180
Air Jordan 1 Mid Shoes,Crisper,51441,9754,610,February,2020,Special Release,110,Men,18.96%,1.19%,41077,1072940,Q1,2/1/2020,High,2/1/2020,4/15/2020,17.7757042,D,51441
Red Tape Casual Sneakers,Classic,80468,32938,33153,December,2017,Limited,35,Men,40.93%,41.2%,14377,1152830,Q4,12/1/2017,Low,12/1/2017,12/29/2017,-0.267186956,D,80468
Nike Court Vision Low Shoes,Peanut Butter,58434,23676,10338,November,2019,Special Release,80,Men,40.52%,17.69%,24420,1894080,Q4,11/1/2019,Mid,11/1/2019,11/24/2019,22.82575213,D,58434
Puma Smash V2 Sneakers,Creamy,82692,44240,6788,November,2024,Limited,65,Men,53.5%,8.21%,31664,2875600,Q4,11/1/2024,Mid,11/1/2024,1/7/2025,45.29095922,B,82692
Converse Chuck Taylor All Star,Creamy,82512,25374,17848,February,2018,Special Release,60,Women,30.75%,21.63%,39290,1522440,Q1,2/1/2018,Mid,2/1/2018,2/17/2018,9.121097537,D,82512
New Balance 574 Core,Peanut Butter,93130,39600,33122,June,2020,Holiday,90,Men,42.52%,35.57%,20408,3564000,Q2,6/1/2020,Mid,6/1/2020,8/14/2020,6.955868141,D,93130
Reebok Classic Leather,Classic,93136,60518,27176,February,2018,Standard,85,Men,64.98%,29.18%,5442,5144030,Q1,2/1/2018,Mid,2/1/2018,4/27/2018,35.7992613,C,93136
Under Armour Charged Assert 9,Creamy,44335,15589,24288,December,2019,Special Release,75,Men,35.16%,54.78%,4458,1169175,Q4,12/1/2019,Mid,12/1/2019,1/28/2020,-19.62106688,E,44335
Fila Disruptor II Premium,Classic,19862,19468,353,September,2016,Special Release,70,Women,98.02%,1.78%,41,1362760,Q3,9/1/2016,Mid,9/1/2016,9/23/2016,96.23904944,A,19862
ASICS Gel-Quantum 90,Brownie,82420,24410,28166,June,2016,Standard,100,Men,29.62%,34.17%,29844,2441000,Q2,6/1/2016,Mid,6/1/2016,8/1/2016,-4.557146324,E,82420
Skechers D'Lites,Almond,37535,27349,4088,June,2022,Standard,75,Women,72.86%,10.89%,6098,2051175,Q2,6/1/2022,Mid,6/1/2022,7/20/2022,61.97149327,B,37535
Vans Old Skool,Brownie,30257,12757,5324,December,2023,Limited,70,Men,42.16%,17.6%,12176,892990,Q4,12/1/2023,Mid,12/1/2023,1/20/2024,24.56621608,D,30257
Onitsuka Tiger Mexico 66,Peanut Butter,53540,31982,8131,December,2017,Limited,100,Men,59.73%,15.19%,13427,3198200,Q4,12/1/2017,Mid,12/1/2017,2/3/2018,44.54800149,B,53540
Lacoste Carnaby Evo,Crisper,15075,12711,911,March,2017,Anniversary,95,Men,84.32%,6.04%,1453,1207545,Q1,3/1/2017,Mid,3/1/2017,3/19/2017,78.27529022,A,15075
Superga 2750 Cotu Classic,Peanut Butter,13101,10406,791,June,2019,Holiday,65,Men,79.43%,6.04%,1904,676390,Q2,6/1/2019,Mid,6/1/2019,6/17/2019,73.39134417,B,13101
Hoka One One Clifton 8,White Chocolate,46585,28012,16692,June,2019,Special Release,140,Men,60.13%,35.83%,1881,3921680,Q2,6/1/2019,High,6/1/2019,6/21/2019,24.29966727,D,46585
Saucony Jazz Original,Classic,44237,16702,19024,December,2017,Standard,80,Women,37.76%,43.0%,8511,1336160,Q4,12/1/2017,Mid,12/1/2017,2/7/2018,-5.248999706,E,44237
Columbia Trailstorm Waterproof,Almond,51114,33599,16758,April,2016,Anniversary,110,Men,65.73%,32.79%,757,3695890,Q2,4/1/2016,High,4/1/2016,4/19/2016,32.94792033,C,51114
Nike Air Force 1 '07 Sneakers,Almond,15817,12144,6,October,2020,Special Release,115,Men,76.78%,0.04%,3667,1396560,Q4,10/1/2020,High,10/1/2020,12/8/2020,76.74021622,A,15817
Adidas Originals Samba OG Shoes,Almond,66531,9585,43531,September,2018,Special Release,100,Men,14.41%,65.43%,13415,958500,Q3,9/1/2018,Mid,9/1/2018,11/17/2018,-51.02283146,E,66531
Air Jordan 1 Mid Shoes,Creamy,49363,38234,5067,June,2022,Anniversary,110,Women,77.45%,10.26%,6062,4205740,Q2,6/1/2022,High,6/1/2022,7/3/2022,67.19000061,B,49363
Red Tape Casual Sneakers,Brownie,26683,11286,6888,June,2022,Anniversary,35,Men,42.3%,25.81%,8509,395010,Q2,6/1/2022,Low,6/1/2022,7/29/2022,16.48240453,D,26683
Nike Court Vision Low Shoes,Brownie,84593,44446,26612,February,2021,Standard,80,Men,52.54%,31.46%,13535,3555680,Q1,2/1/2021,Mid,2/1/2021,3/21/2021,21.08212263,D,84593
Puma Smash V2 Sneakers,Crisper,86019,84516,1340,August,2018,Anniversary,65,Men,98.25%,1.56%,163,5493540,Q3,8/1/2018,Mid,8/1/2018,10/28/2018,96.69491624,A,86019
Converse Chuck Taylor All Star,Brownie,72021,27241,43178,December,2015,Holiday,60,Women,37.82%,59.95%,1602,1634460,Q4,12/1/2015,Mid,12/1/2015,2/15/2016,-22.12826814,E,72021
New Balance 574 Core,Classic,40784,25343,3680,January,2024,Limited,90,Men,62.14%,9.02%,11761,2280870,Q1,1/1/2024,Mid,1/1/2024,1/29/2024,53.1164182,B,40784
Reebok Classic Leather,Peanut Butter,72277,14545,29846,August,2019,Special Release,85,Women,20.12%,41.29%,27886,1236325,Q3,8/1/2019,Mid,8/1/2019,10/2/2019,-21.16994341,E,72277
Under Armour Charged Assert 9,Crisper,62383,20989,9671,May,2022,Standard,75,Men,33.65%,15.5%,31723,1574175,Q2,5/1/2022,Mid,5/1/2022,5/30/2022,18.14276325,D,62383
Fila Disruptor II Premium,White Chocolate,65724,19341,11526,January,2024,Special Release,70,Men,29.43%,17.54%,34857,1353870,Q1,1/1/2024,Mid,1/1/2024,3/27/2024,11.89063356,D,65724
ASICS Gel-Quantum 90,White Chocolate,25906,19957,1092,December,2023,Anniversary,100,Women,77.04%,4.22%,4857,1995700,Q4,12/1/2023,Mid,12/1/2023,2/15/2024,72.82096812,B,25906
Skechers D'Lites,White Chocolate,68008,45150,16540,October,2019,Special Release,75,Men,66.39%,24.32%,6318,3386250,Q4,10/1/2019,Mid,10/1/2019,11/24/2019,42.06858017,C,68008
Vans Old Skool,Creamy,72216,63991,4246,June,2023,Limited,70,Women,88.61%,5.88%,3979,4479370,Q2,6/1/2023,Mid,6/1/2023,8/7/2023,82.73097375,A,72216
Onitsuka Tiger Mexico 66,White Chocolate,78327,68517,3919,January,2018,Anniversary,100,Women,87.48%,5.0%,5891,6851700,Q1,1/1/2018,Mid,1/1/2018,2/8/2018,82.47219988,A,78327
Lacoste Carnaby Evo,Peanut Butter,45614,27010,10476,January,2021,Standard,95,Men,59.21%,22.97%,8128,2565950,Q1,1/1/2021,Mid,1/1/2021,2/10/2021,36.24764327,C,45614
Superga 2750 Cotu Classic,Crisper,30028,28147,438,September,2015,Anniversary,65,Women,93.74%,1.46%,1443,1829555,Q3,9/1/2015,Mid,9/1/2015,11/14/2015,92.27720794,A,30028
Hoka One One Clifton 8,Crisper,18161,8388,6883,May,2019,Special Release,140,Men,46.19%,37.9%,2890,1174320,Q2,5/1/2019,High,5/1/2019,6/25/2019,8.286988602,D,18161
Saucony Jazz Original,White Chocolate,85456,54857,15629,January,2015,Holiday,80,Women,64.19%,18.29%,14970,4388560,Q1,1/1/2015,Mid,1/1/2015,2/13/2015,45.90432503,B,85456
Columbia Trailstorm Waterproof,White Chocolate,64921,40272,24494,March,2023,Special Release,110,Men,62.03%,37.73%,155,4429920,Q1,3/1/2023,High,3/1/2023,3/30/2023,24.30338411,D,64921
Nike Air Force 1 '07 Sneakers,Crisper,38760,22887,7140,June,2020,Standard,115,Women,59.05%,18.42%,8733,2632005,Q2,6/1/2020,High,6/1/2020,7/30/2020,40.62693498,C,38760
Adidas Originals Samba OG Shoes,Creamy,31632,20315,2091,December,2021,Special Release,100,Women,64.22%,6.61%,9226,2031500,Q4,12/1/2021,Mid,12/1/2021,2/18/2022,57.61254426,B,31632
Air Jordan 1 Mid Shoes,Brownie,83975,8552,11003,March,2022,Anniversary,110,Women,10.18%,13.1%,64420,940720,Q1,3/1/2022,High,3/1/2022,5/25/2022,-2.918725811,E,83975
Red Tape Casual Sneakers,Peanut Butter,16590,9262,3105,September,2018,Limited,35,Women,55.83%,18.72%,4223,324170,Q3,9/1/2018,Low,9/1/2018,9/24/2018,37.11271851,C,16590
Nike Court Vision Low Shoes,White Chocolate,59692,23235,27627,October,2017,Standard,80,Men,38.92%,46.28%,8830,1858800,Q4,10/1/2017,Mid,10/1/2017,10/16/2017,-7.357769885,E,59692
Puma Smash V2 Sneakers,Almond,39389,9496,25599,April,2022,Standard,65,Men,24.11%,64.99%,4294,617240,Q2,4/1/2022,Mid,4/1/2022,4/23/2022,-40.88197212,E,39389
Converse Chuck Taylor All Star,Peanut Butter,12671,10089,624,September,2017,Limited,60,Men,79.62%,4.92%,1958,605340,Q3,9/1/2017,Mid,9/1/2017,11/17/2017,74.69812959,A,12671
New Balance 574 Core,Brownie,38569,35476,2865,November,2017,Holiday,90,Men,91.98%,7.43%,228,3192840,Q4,11/1/2017,Mid,11/1/2017,11/26/2017,84.5523607,A,38569
Reebok Classic Leather,White Chocolate,31465,15192,1771,June,2021,Standard,85,Women,48.28%,5.63%,14502,1291320,Q2,6/1/2021,Mid,6/1/2021,6/23/2021,42.65374225,C,31465
Under Armour Charged Assert 9,Crisper,35995,7490,19401,September,2022,Limited,75,Women,20.81%,53.9%,9104,561750,Q3,9/1/2022,Mid,9/1/2022,10/20/2022,-33.09070704,E,35995
Fila Disruptor II Premium,White Chocolate,99687,83697,13197,May,2016,Special Release,70,Women,83.96%,13.24%,2793,5858790,Q2,5/1/2016,Mid,5/1/2016,6/19/2016,70.72135785,B,99687
ASICS Gel-Quantum 90,Brownie,66148,48353,12142,October,2015,Special Release,100,Men,73.1%,18.36%,5653,4835300,Q4,10/1/2015,Mid,10/1/2015,11/17/2015,54.74239584,B,66148
Skechers D'Lites,White Chocolate,65057,58892,4015,March,2016,Anniversary,75,Women,90.52%,6.17%,2150,4416900,Q1,3/1/2016,Mid,3/1/2016,3/20/2016,84.35218347,A,65057
Vans Old Skool,Creamy,30052,19270,2885,March,2023,Special Release,70,Women,64.12%,9.6%,7897,1348900,Q1,3/1/2023,Mid,3/1/2023,4/25/2023,54.52216159,B,30052
Onitsuka Tiger Mexico 66,Brownie,80539,68372,7616,November,2019,Special Release,100,Men,84.89%,9.46%,4551,6837200,Q4,11/1/2019,Mid,11/1/2019,12/13/2019,75.43674493,A,80539
Lacoste Carnaby Evo,White Chocolate,21359,9569,7385,September,2017,Anniversary,95,Women,44.8%,34.58%,4405,909055,Q3,9/1/2017,Mid,9/1/2017,9/22/2017,10.22519781,D,21359
Superga 2750 Cotu Classic,Almond,13761,13098,332,January,2017,Anniversary,65,Women,95.18%,2.41%,331,851370,Q1,1/1/2017,Mid,1/1/2017,3/29/2017,92.76942083,A,13761
Hoka One One Clifton 8,Almond,46655,44069,1131,March,2021,Standard,140,Men,94.46%,2.42%,1455,6169660,Q1,3/1/2021,High,3/1/2021,5/26/2021,92.03300825,A,46655
Saucony Jazz Original,Classic,41635,31635,8004,March,2021,Limited,80,Women,75.98%,19.22%,1996,2530800,Q1,3/1/2021,Mid,3/1/2021,3/27/2021,56.75753573,B,41635
Columbia Trailstorm Waterproof,Crisper,12260,5762,2410,June,2017,Anniversary,110,Women,47.0%,19.66%,4088,633820,Q2,6/1/2017,High,6/1/2017,7/19/2017,27.34094617,C,12260
Nike Air Force 1 '07 Sneakers,Creamy,86225,53368,31015,March,2021,Special Release,115,Women,61.89%,35.97%,1842,6137320,Q1,3/1/2021,High,3/1/2021,4/17/2021,25.92403595,C,86225
Adidas Originals Samba OG Shoes,Almond,69473,22754,20094,October,2017,Limited,100,Men,32.75%,28.92%,26625,2275400,Q4,10/1/2017,Mid,10/1/2017,12/2/2017,3.828825587,D,69473
Air Jordan 1 Mid Shoes,Almond,25670,22559,2826,January,2017,Limited,110,Women,87.88%,11.01%,285,2481490,Q1,1/1/2017,High,1/1/2017,2/7/2017,76.87183483,A,25670
Red Tape Casual Sneakers,Almond,87278,73765,9777,March,2018,Standard,35,Women,84.52%,11.2%,3736,2581775,Q1,3/1/2018,Low,3/1/2018,5/16/2018,73.31515388,B,87278
Nike Court Vision Low Shoes,Peanut Butter,57301,16759,19809,February,2015,Special Release,80,Men,29.25%,34.57%,20733,1340720,Q1,2/1/2015,Mid,2/1/2015,3/24/2015,-5.322769236,E,57301
Puma Smash V2 Sneakers,Classic,82529,43290,8275,February,2022,Anniversary,65,Men,52.45%,10.03%,30964,2813850,Q1,2/1/2022,Mid,2/1/2022,3/31/2022,42.42751033,C,82529
Converse Chuck Taylor All Star,Brownie,47268,35762,7843,December,2019,Holiday,60,Men,75.66%,16.59%,3663,2145720,Q4,12/1/2019,Mid,12/1/2019,1/19/2020,59.06532961,B,47268
New Balance 574 Core,Almond,72616,19953,4282,June,2019,Anniversary,90,Men,27.48%,5.9%,48381,1795770,Q2,6/1/2019,Mid,6/1/2019,8/19/2019,21.58064338,D,72616
Reebok Classic Leather,Peanut Butter,29555,23443,2489,December,2015,Limited,85,Women,79.32%,8.42%,3623,1992655,Q4,12/1/2015,Mid,12/1/2015,1/31/2016,70.89832516,B,29555
Under Armour Charged Assert 9,Brownie,88135,86057,924,September,2023,Special Release,75,Women,97.64%,1.05%,1154,6454275,Q3,9/1/2023,Mid,9/1/2023,9/18/2023,96.59386169,A,88135
Fila Disruptor II Premium,Almond,87139,61207,10006,May,2021,Special Release,70,Men,70.24%,11.48%,15926,4284490,Q2,5/1/2021,Mid,5/1/2021,5/16/2021,58.75784666,B,87139
ASICS Gel-Quantum 90,White Chocolate,37235,25496,3457,December,2017,Standard,100,Men,68.47%,9.28%,8282,2549600,Q4,12/1/2017,Mid,12/1/2017,12/20/2017,59.18893514,B,37235
Skechers D'Lites,Brownie,19838,7564,43,August,2019,Anniversary,75,Women,38.13%,0.22%,12231,567300,Q3,8/1/2019,Mid,8/1/2019,8/29/2019,37.91208791,C,19838
Vans Old Skool,Almond,14278,8792,2360,December,2022,Holiday,70,Women,61.58%,16.53%,3126,615440,Q4,12/1/2022,Mid,12/1/2022,1/11/2023,45.0483261,B,14278
Onitsuka Tiger Mexico 66,Classic,40595,22337,6482,October,2019,Standard,100,Men,55.02%,15.97%,11776,2233700,Q4,10/1/2019,Mid,10/1/2019,10/24/2019,39.05653406,C,40595
Lacoste Carnaby Evo,Almond,28643,7339,1954,November,2016,Holiday,95,Women,25.62%,6.82%,19350,697205,Q4,11/1/2016,Mid,11/1/2016,11/30/2016,18.80040499,D,28643
Superga 2750 Cotu Classic,Crisper,26299,20358,5641,May,2018,Anniversary,65,Women,77.41%,21.45%,300,1323270,Q2,5/1/2018,Mid,5/1/2018,6/26/2018,55.96030267,B,26299
Hoka One One Clifton 8,Crisper,20543,14798,326,December,2024,Anniversary,140,Women,72.03%,1.59%,5419,2071720,Q4,12/1/2024,High,12/1/2024,2/4/2025,70.44735433,B,20543
Saucony Jazz Original,Classic,21970,12501,9424,August,2021,Standard,80,Women,56.9%,42.89%,45,1000080,Q3,8/1/2021,Mid,8/1/2021,10/17/2021,14.00546199,D,21970
Columbia Trailstorm Waterproof,Brownie,15273,7870,3854,October,2020,Anniversary,110,Men,51.53%,25.23%,3549,865700,Q4,10/1/2020,High,10/1/2020,12/6/2020,26.29476855,C,15273
Nike Air Force 1 '07 Sneakers,Brownie,67132,46601,16112,January,2016,Anniversary,115,Women,69.42%,24.0%,4419,5359115,Q1,1/1/2016,High,1/1/2016,1/19/2016,45.41649288,B,67132
Adidas Originals Samba OG Shoes,Almond,97835,18710,21079,September,2018,Anniversary,100,Women,19.12%,21.55%,58046,1871000,Q3,9/1/2018,Mid,9/1/2018,10/8/2018,-2.421423826,D,97835
Air Jordan 1 Mid Shoes,Creamy,62488,58317,300,February,2020,Standard,110,Women,93.33%,0.48%,3871,6414870,Q1,2/1/2020,High,2/1/2020,3/1/2020,92.84502625,A,62488
Red Tape Casual Sneakers,Classic,62976,61682,1053,April,2024,Standard,35,Women,97.95%,1.67%,241,2158870,Q2,4/1/2024,Low,4/1/2024,5/28/2024,96.27318343,A,62976
Nike Court Vision Low Shoes,Crisper,17104,8073,8494,January,2019,Special Release,80,Women,47.2%,49.66%,537,645840,Q1,1/1/2019,Mid,1/1/2019,2/13/2019,-2.461412535,D,17104
Puma Smash V2 Sneakers,White Chocolate,16764,8335,4375,February,2021,Limited,65,Women,49.72%,26.1%,4054,541775,Q1,2/1/2021,Mid,2/1/2021,3/23/2021,23.62204724,D,16764
Converse Chuck Taylor All Star,Creamy,73532,20915,1891,January,2022,Special Release,60,Men,28.44%,2.57%,50726,1254900,Q1,1/1/2022,Mid,1/1/2022,1/28/2022,25.87172932,C,73532
New Balance 574 Core,Almond,82199,6792,72384,July,2019,Standard,90,Men,8.26%,88.06%,3023,611280,Q3,7/1/2019,Mid,7/1/2019,8/16/2019,-79.7965912,E,82199
Reebok Classic Leather,Crisper,25396,10045,8165,January,2023,Holiday,85,Women,39.55%,32.15%,7186,853825,Q1,1/1/2023,Mid,1/1/2023,3/27/2023,7.402740589,D,25396
Under Armour Charged Assert 9,Crisper,73242,66894,1996,February,2020,Special Release,75,Men,91.33%,2.73%,4352,5017050,Q1,2/1/2020,Mid,2/1/2020,4/14/2020,88.6076295,A,73242
Fila Disruptor II Premium,Brownie,76616,22892,4575,February,2018,Anniversary,70,Women,29.88%,5.97%,49149,1602440,Q1,2/1/2018,Mid,2/1/2018,3/15/2018,23.9075389,D,76616
ASICS Gel-Quantum 90,White Chocolate,10336,7317,2973,May,2018,Special Release,100,Women,70.79%,28.76%,46,731700,Q2,5/1/2018,Mid,5/1/2018,7/20/2018,42.02786378,C,10336
Skechers D'Lites,White Chocolate,29476,19632,8824,June,2020,Holiday,75,Women,66.6%,29.94%,1020,1472400,Q2,6/1/2020,Mid,6/1/2020,7/27/2020,36.66711901,C,29476
Vans Old Skool,Crisper,52176,17363,15650,May,2021,Anniversary,70,Women,33.28%,29.99%,19163,1215410,Q2,5/1/2021,Mid,5/1/2021,6/29/2021,3.283118675,D,52176
Onitsuka Tiger Mexico 66,Classic,51704,35996,11554,February,2024,Anniversary,100,Men,69.62%,22.35%,4154,3599600,Q1,2/1/2024,Mid,2/1/2024,4/17/2024,47.27293826,B,51704
Lacoste Carnaby Evo,Crisper,14852,7068,4114,August,2021,Holiday,95,Women,47.59%,27.7%,3670,671460,Q3,8/1/2021,Mid,8/1/2021,10/11/2021,19.88957716,D,14852
Superga 2750 Cotu Classic,Classic,78937,64890,251,February,2023,Limited,65,Men,82.2%,0.32%,13796,4217850,Q1,2/1/2023,Mid,2/1/2023,2/21/2023,81.88682114,A,78937
Hoka One One Clifton 8,Classic,71537,39737,11093,December,2021,Anniversary,140,Women,55.55%,15.51%,20707,5563180,Q4,12/1/2021,High,12/1/2021,1/12/2022,40.04081804,C,71537
Saucony Jazz Original,White Chocolate,98389,74942,12452,July,2018,Anniversary,80,Men,76.17%,12.66%,10995,5995360,Q3,7/1/2018,Mid,7/1/2018,8/12/2018,63.51319761,B,98389
Columbia Trailstorm Waterproof,Brownie,18968,8846,4708,July,2017,Standard,110,Men,46.64%,24.82%,5414,973060,Q3,7/1/2017,High,7/1/2017,8/28/2017,21.81568958,D,18968
Nike Air Force 1 '07 Sneakers,White Chocolate,93066,18173,58153,November,2016,Holiday,115,Men,19.53%,62.49%,16740,2089895,Q4,11/1/2016,High,11/1/2016,12/15/2016,-42.95876045,E,93066
Adidas Originals Samba OG Shoes,Almond,17355,9806,2936,March,2019,Anniversary,100,Women,56.5%,16.92%,4613,980600,Q1,3/1/2019,Mid,3/1/2019,5/16/2019,39.58513397,C,17355
Air Jordan 1 Mid Shoes,Brownie,99364,28600,22280,December,2016,Standard,110,Women,28.78%,22.42%,48484,3146000,Q4,12/1/2016,High,12/1/2016,2/28/2017,6.360452478,D,99364
Red Tape Casual Sneakers,Brownie,99539,36566,32615,July,2021,Limited,35,Women,36.74%,32.77%,30358,1279810,Q3,7/1/2021,Low,7/1/2021,9/15/2021,3.969298466,D,99539
Nike Court Vision Low Shoes,Crisper,43466,5615,30490,March,2018,Special Release,80,Women,12.92%,70.15%,7361,449200,Q1,3/1/2018,Mid,3/1/2018,3/16/2018,-57.22863848,E,43466
Puma Smash V2 Sneakers,Almond,87014,44210,41873,October,2019,Holiday,65,Women,50.81%,48.12%,931,2873650,Q4,10/1/2019,Mid,10/1/2019,11/11/2019,2.685774703,D,87014
Converse Chuck Taylor All Star,Peanut Butter,60422,36667,3494,August,2017,Anniversary,60,Women,60.68%,5.78%,20261,2200020,Q3,8/1/2017,Mid,8/1/2017,10/16/2017,54.90218794,B,60422
New Balance 574 Core,Creamy,48696,6437,25939,January,2018,Standard,90,Men,13.22%,53.27%,16320,579330,Q1,1/1/2018,Mid,1/1/2018,1/18/2018,-40.04846394,E,48696
Reebok Classic Leather,Brownie,75107,42512,25419,December,2023,Limited,85,Women,56.6%,33.84%,7176,3613520,Q4,12/1/2023,Mid,12/1/2023,2/23/2024,22.7581983,D,75107
Under Armour Charged Assert 9,Peanut Butter,93442,29920,40690,October,2017,Limited,75,Men,32.02%,43.55%,22832,2244000,Q4,10/1/2017,Mid,10/1/2017,12/26/2017,-11.52586631,E,93442
Fila Disruptor II Premium,Almond,67779,7186,37982,February,2019,Limited,70,Women,10.6%,56.04%,22611,503020,Q1,2/1/2019,Mid,2/1/2019,3/14/2019,-45.43590198,E,67779
ASICS Gel-Quantum 90,Almond,64460,16510,13159,June,2016,Special Release,100,Women,25.61%,20.41%,34791,1651000,Q2,6/1/2016,Mid,6/1/2016,6/24/2016,5.198572758,D,64460
Skechers D'Lites,Brownie,75771,40720,10783,November,2017,Anniversary,75,Women,53.74%,14.23%,24268,3054000,Q4,11/1/2017,Mid,11/1/2017,1/16/2018,39.50983886,C,75771
Vans Old Skool,Creamy,54396,12547,30692,November,2015,Limited,70,Men,23.07%,56.42%,11157,878290,Q4,11/1/2015,Mid,11/1/2015,12/22/2015,-33.35723215,E,54396
Onitsuka Tiger Mexico 66,White Chocolate,98647,93395,3255,June,2024,Special Release,100,Women,94.68%,3.3%,1997,9339500,Q2,6/1/2024,Mid,6/1/2024,8/5/2024,91.37632163,A,98647
Lacoste Carnaby Evo,Classic,44663,40164,1012,February,2020,Holiday,95,Women,89.93%,2.27%,3487,3815580,Q1,2/1/2020,Mid,2/1/2020,3/30/2020,87.66092739,A,44663
Superga 2750 Cotu Classic,Brownie,59941,58897,760,March,2016,Limited,65,Women,98.26%,1.27%,284,3828305,Q1,3/1/2016,Mid,3/1/2016,4/8/2016,96.99037387,A,59941
Hoka One One Clifton 8,Brownie,39015,9142,20820,March,2024,Anniversary,140,Women,23.43%,53.36%,9053,1279880,Q1,3/1/2024,High,3/1/2024,5/13/2024,-29.93207741,E,39015
Saucony Jazz Original,Creamy,63516,12646,9160,July,2015,Standard,80,Women,19.91%,14.42%,41710,1011680,Q3,7/1/2015,Mid,7/1/2015,8/16/2015,5.48838088,D,63516
Columbia Trailstorm Waterproof,Classic,22739,12693,8807,July,2016,Anniversary,110,Women,55.82%,38.73%,1239,1396230,Q3,7/1/2016,High,7/1/2016,9/5/2016,17.08958178,D,22739
Nike Air Force 1 '07 Sneakers,Brownie,30253,18594,10730,February,2016,Anniversary,115,Women,61.46%,35.47%,929,2138310,Q1,2/1/2016,High,2/1/2016,4/17/2016,25.99411629,C,30253
Adidas Originals Samba OG Shoes,Classic,58566,19238,29057,December,2019,Limited,100,Men,32.85%,49.61%,10271,1923800,Q4,12/1/2019,Mid,12/1/2019,2/11/2020,-16.76570024,E,58566
Air Jordan 1 Mid Shoes,Creamy,58147,40682,11753,September,2015,Anniversary,110,Men,69.96%,20.21%,5712,4475020,Q3,9/1/2015,High,9/1/2015,11/6/2015,49.75149191,B,58147
Red Tape Casual Sneakers,White Chocolate,69600,11007,43435,May,2017,Special Release,35,Men,15.81%,62.41%,15158,385245,Q2,5/1/2017,Low,5/1/2017,5/27/2017,-46.59195402,E,69600
Nike Court Vision Low Shoes,White Chocolate,53713,20962,32401,May,2016,Special Release,80,Men,39.03%,60.32%,350,1676960,Q2,5/1/2016,Mid,5/1/2016,6/23/2016,-21.2965204,E,53713
Puma Smash V2 Sneakers,Brownie,38305,20269,10766,September,2023,Limited,65,Men,52.91%,28.11%,7270,1317485,Q3,9/1/2023,Mid,9/1/2023,9/17/2023,24.8087717,D,38305
Converse Chuck Taylor All Star,Almond,28964,9259,17701,October,2017,Limited,60,Men,31.97%,61.11%,2004,555540,Q4,10/1/2017,Mid,10/1/2017,10/18/2017,-29.14652672,E,28964
New Balance 574 Core,Peanut Butter,11947,7934,3235,November,2023,Limited,90,Men,66.41%,27.08%,778,714060,Q4,11/1/2023,Mid,11/1/2023,1/10/2024,39.33204989,C,11947
Reebok Classic Leather,Peanut Butter,44782,8434,8307,April,2023,Anniversary,85,Men,18.83%,18.55%,28041,716890,Q2,4/1/2023,Mid,4/1/2023,6/13/2023,0.283596088,D,44782
Under Armour Charged Assert 9,Crisper,68756,55988,5931,October,2020,Special Release,75,Men,81.43%,8.63%,6837,4199100,Q4,10/1/2020,Mid,10/1/2020,10/17/2020,72.80382803,B,68756
Fila Disruptor II Premium,Brownie,15683,13543,1235,February,2020,Standard,70,Women,86.35%,7.87%,905,948010,Q1,2/1/2020,Mid,2/1/2020,2/17/2020,78.47988268,A,15683
ASICS Gel-Quantum 90,White Chocolate,62640,32936,22482,March,2016,Anniversary,100,Women,52.58%,35.89%,7222,3293600,Q1,3/1/2016,Mid,3/1/2016,5/8/2016,16.6890166,D,62640
Skechers D'Lites,Classic,20589,10277,9966,August,2016,Standard,75,Women,49.92%,48.4%,346,770775,Q3,8/1/2016,Mid,8/1/2016,8/16/2016,1.510515324,D,20589
Vans Old Skool,Crisper,88301,74541,4831,February,2020,Special Release,70,Men,84.42%,5.47%,8929,5217870,Q1,2/1/2020,Mid,2/1/2020,3/5/2020,78.9458783,A,88301
Onitsuka Tiger Mexico 66,White Chocolate,24996,23066,1476,September,2024,Limited,100,Men,92.28%,5.9%,454,2306600,Q3,9/1/2024,Mid,9/1/2024,9/17/2024,86.37381981,A,24996
Lacoste Carnaby Evo,Crisper,54424,34720,13065,August,2019,Standard,95,Women,63.8%,24.01%,6639,3298400,Q3,8/1/2019,Mid,8/1/2019,10/7/2019,39.78943113,C,54424
Superga 2750 Cotu Classic,Creamy,43408,29530,2500,September,2022,Anniversary,65,Men,68.03%,5.76%,11378,1919450,Q3,9/1/2022,Mid,9/1/2022,10/29/2022,62.26962772,B,43408
Hoka One One Clifton 8,Classic,66606,11328,48797,April,2023,Holiday,140,Men,17.01%,73.26%,6481,1585920,Q2,4/1/2023,High,4/1/2023,5/17/2023,-56.25469177,E,66606
Saucony Jazz Original,Brownie,83608,78620,2700,July,2022,Standard,80,Women,94.03%,3.23%,2288,6289600,Q3,7/1/2022,Mid,7/1/2022,9/23/2022,90.80470768,A,83608
Columbia Trailstorm Waterproof,White Chocolate,16743,9712,4918,July,2018,Holiday,110,Men,58.01%,29.37%,2113,1068320,Q3,7/1/2018,High,7/1/2018,8/16/2018,28.63286149,C,16743
Nike Air Force 1 '07 Sneakers,Peanut Butter,96079,68201,7348,July,2024,Standard,115,Women,70.98%,7.65%,20530,7843115,Q3,7/1/2024,High,7/1/2024,9/21/2024,63.33642107,B,96079
Adidas Originals Samba OG Shoes,Classic,46512,42624,926,January,2024,Anniversary,100,Men,91.64%,1.99%,2962,4262400,Q1,1/1/2024,Mid,1/1/2024,3/10/2024,89.6499828,A,46512
Air Jordan 1 Mid Shoes,Brownie,96223,95894,136,April,2015,Limited,110,Women,99.66%,0.14%,193,10548340,Q2,4/1/2015,High,4/1/2015,6/29/2015,99.51674756,A,96223
Red Tape Casual Sneakers,Almond,56009,5400,11888,October,2024,Limited,35,Women,9.64%,21.23%,38721,189000,Q4,10/1/2024,Low,10/1/2024,12/10/2024,-11.5838526,E,56009
Nike Court Vision Low Shoes,Classic,28595,25747,125,January,2016,Special Release,80,Women,90.04%,0.44%,2723,2059760,Q1,1/1/2016,Mid,1/1/2016,2/1/2016,89.60307746,A,28595
Puma Smash V2 Sneakers,Crisper,54681,15315,24251,June,2018,Holiday,65,Men,28.01%,44.35%,15115,995475,Q2,6/1/2018,Mid,6/1/2018,7/23/2018,-16.34205666,E,54681
Converse Chuck Taylor All Star,Classic,30392,10158,1630,July,2022,Standard,60,Women,33.42%,5.36%,18604,609480,Q3,7/1/2022,Mid,7/1/2022,8/8/2022,28.06001579,C,30392
New Balance 574 Core,Crisper,89570,62939,13571,January,2018,Limited,90,Men,70.27%,15.15%,13060,5664510,Q1,1/1/2018,Mid,1/1/2018,3/25/2018,55.11666853,B,89570
Reebok Classic Leather,Almond,66349,12267,18562,August,2022,Special Release,85,Women,18.49%,27.98%,35520,1042695,Q3,8/1/2022,Mid,8/1/2022,10/24/2022,-9.487708933,E,66349
Under Armour Charged Assert 9,Classic,38903,30903,4909,August,2015,Standard,75,Men,79.44%,12.62%,3091,2317725,Q3,8/1/2015,Mid,8/1/2015,8/26/2015,66.81746909,B,38903
Fila Disruptor II Premium,White Chocolate,27987,13372,4742,September,2018,Standard,70,Women,47.78%,16.94%,9873,936040,Q3,9/1/2018,Mid,9/1/2018,10/1/2018,30.83574517,C,27987
ASICS Gel-Quantum 90,Peanut Butter,26932,17458,8725,November,2022,Limited,100,Women,64.82%,32.4%,749,1745800,Q4,11/1/2022,Mid,11/1/2022,1/27/2023,32.4261102,C,26932
Skechers D'Lites,Classic,62044,61476,43,November,2019,Standard,75,Men,99.08%,0.07%,525,4610700,Q4,11/1/2019,Mid,11/1/2019,1/13/2020,99.01521501,A,62044
Vans Old Skool,White Chocolate,51033,42732,7033,June,2021,Anniversary,70,Women,83.73%,13.78%,1268,2991240,Q2,6/1/2021,Mid,6/1/2021,8/24/2021,69.95277565,B,51033
Onitsuka Tiger Mexico 66,Almond,25096,18272,170,August,2018,Limited,100,Women,72.81%,0.68%,6654,1827200,Q3,8/1/2018,Mid,8/1/2018,8/18/2018,72.1310169,B,25096
Lacoste Carnaby Evo,White Chocolate,57428,10775,28620,June,2024,Standard,95,Women,18.76%,49.84%,18033,1023625,Q2,6/1/2024,Mid,6/1/2024,7/5/2024,-31.07369228,E,57428
Superga 2750 Cotu Classic,Brownie,20308,11484,5083,May,2023,Holiday,65,Men,56.55%,25.03%,3741,746460,Q2,5/1/2023,Mid,5/1/2023,7/13/2023,31.51959819,C,20308
Hoka One One Clifton 8,Classic,76910,19945,34773,September,2020,Limited,140,Women,25.93%,45.21%,22192,2792300,Q3,9/1/2020,High,9/1/2020,10/21/2020,-19.27967755,E,76910
Saucony Jazz Original,Almond,94599,24358,30968,February,2016,Limited,80,Men,25.75%,32.74%,39273,1948640,Q1,2/1/2016,Mid,2/1/2016,3/5/2016,-6.987388873,E,94599
Columbia Trailstorm Waterproof,Brownie,30036,29910,97,May,2022,Standard,110,Women,99.58%,0.32%,29,3290100,Q2,5/1/2022,High,5/1/2022,7/21/2022,99.2575576,A,30036
Nike Air Force 1 '07 Sneakers,Crisper,83889,80952,1838,August,2022,Special Release,115,Women,96.5%,2.19%,1099,9309480,Q3,8/1/2022,High,8/1/2022,9/3/2022,94.30795456,A,83889
Adidas Originals Samba OG Shoes,White Chocolate,92210,46436,9893,December,2019,Standard,100,Women,50.36%,10.73%,35881,4643600,Q4,12/1/2019,Mid,12/1/2019,1/4/2020,39.63019195,C,92210
Air Jordan 1 Mid Shoes,White Chocolate,46002,43759,230,December,2018,Special Release,110,Women,95.12%,0.5%,2013,4813490,Q4,12/1/2018,High,12/1/2018,2/24/2019,94.62414678,A,46002
Red Tape Casual Sneakers,Crisper,14929,5932,6041,April,2024,Holiday,35,Men,39.73%,40.46%,2956,207620,Q2,4/1/2024,Low,4/1/2024,6/6/2024,-0.73012258,D,14929
Nike Court Vision Low Shoes,Brownie,87867,71462,12598,March,2020,Special Release,80,Men,81.33%,14.34%,3807,5716960,Q1,3/1/2020,Mid,3/1/2020,4/17/2020,66.9921586,B,87867
Puma Smash V2 Sneakers,Crisper,84928,29672,21071,October,2021,Anniversary,65,Men,34.94%,24.81%,34185,1928680,Q4,10/1/2021,Mid,10/1/2021,11/24/2021,10.12740203,D,84928
Converse Chuck Taylor All Star,Crisper,23566,16253,5851,December,2015,Special Release,60,Men,68.97%,24.83%,1462,975180,Q4,12/1/2015,Mid,12/1/2015,1/23/2016,44.13986251,C,23566
New Balance 574 Core,Peanut Butter,67377,33797,10403,January,2019,Holiday,90,Women,50.16%,15.44%,23177,3041730,Q1,1/1/2019,Mid,1/1/2019,1/16/2019,34.72104724,C,67377
Reebok Classic Leather,Crisper,54350,49492,428,November,2023,Holiday,85,Men,91.06%,0.79%,4430,4206820,Q4,11/1/2023,Mid,11/1/2023,11/26/2023,90.27414903,A,54350
Under Armour Charged Assert 9,Brownie,98916,55667,18621,October,2017,Special Release,75,Women,56.28%,18.83%,24628,4175025,Q4,10/1/2017,Mid,10/1/2017,12/11/2017,37.45197946,C,98916
Fila Disruptor II Premium,Classic,86380,23537,60079,December,2018,Holiday,70,Women,27.25%,69.55%,2764,1647590,Q4,12/1/2018,Mid,12/1/2018,2/3/2019,-42.30377402,E,86380
ASICS Gel-Quantum 90,Peanut Butter,87993,16104,40577,April,2021,Anniversary,100,Women,18.3%,46.11%,31312,1610400,Q2,4/1/2021,Mid,4/1/2021,5/8/2021,-27.81243963,E,87993
Skechers D'Lites,White Chocolate,26750,22248,765,March,2022,Anniversary,75,Men,83.17%,2.86%,3737,1668600,Q1,3/1/2022,Mid,3/1/2022,4/15/2022,80.31028037,A,26750
Vans Old Skool,Almond,50483,16813,14037,October,2018,Anniversary,70,Men,33.3%,27.81%,19633,1176910,Q4,10/1/2018,Mid,10/1/2018,11/26/2018,5.498880811,D,50483
Onitsuka Tiger Mexico 66,Peanut Butter,20114,9846,1657,September,2020,Special Release,100,Men,48.95%,8.24%,8611,984600,Q3,9/1/2020,Mid,9/1/2020,9/22/2020,40.71293626,C,20114
Lacoste Carnaby Evo,Creamy,54140,45503,2147,September,2021,Anniversary,95,Men,84.05%,3.97%,6490,4322785,Q3,9/1/2021,Mid,9/1/2021,10/1/2021,80.08127078,A,54140
Superga 2750 Cotu Classic,White Chocolate,91885,26697,47263,November,2019,Standard,65,Men,29.05%,51.44%,17925,1735305,Q4,11/1/2019,Mid,11/1/2019,1/14/2020,-22.38232573,E,91885
Hoka One One Clifton 8,Crisper,90031,42346,29420,August,2017,Special Release,140,Women,47.03%,32.68%,18265,5928440,Q3,8/1/2017,High,8/1/2017,8/17/2017,14.35727694,D,90031
Saucony Jazz Original,White Chocolate,35430,17053,14437,March,2020,Holiday,80,Women,48.13%,40.75%,3940,1364240,Q1,3/1/2020,Mid,3/1/2020,3/16/2020,7.383573243,D,35430
Columbia Trailstorm Waterproof,Peanut Butter,36174,31255,1133,October,2024,Holiday,110,Women,86.4%,3.13%,3786,3438050,Q4,10/1/2024,High,10/1/2024,12/2/2024,83.26975176,A,36174
Nike Air Force 1 '07 Sneakers,White Chocolate,58655,41342,3361,December,2022,Special Release,115,Women,70.48%,5.73%,13952,4754330,Q4,12/1/2022,High,12/1/2022,12/27/2022,64.75321797,B,58655
Adidas Originals Samba OG Shoes,Classic,31012,13938,14723,October,2020,Limited,100,Men,44.94%,47.48%,2351,1393800,Q4,10/1/2020,Mid,10/1/2020,12/23/2020,-2.531278215,E,31012
Air Jordan 1 Mid Shoes,Peanut Butter,69130,62975,2863,April,2015,Anniversary,110,Women,91.1%,4.14%,3292,6927250,Q2,4/1/2015,High,4/1/2015,5/22/2015,86.9550123,A,69130
Red Tape Casual Sneakers,Peanut Butter,60615,10348,24570,July,2017,Standard,35,Men,17.07%,40.53%,25697,362180,Q3,7/1/2017,Low,7/1/2017,8/16/2017,-23.46283923,E,60615
Nike Court Vision Low Shoes,White Chocolate,95191,48947,9571,July,2016,Standard,80,Women,51.42%,10.05%,36673,3915760,Q3,7/1/2016,Mid,7/1/2016,7/24/2016,41.36525512,C,95191
Puma Smash V2 Sneakers,Creamy,28191,28119,60,January,2020,Special Release,65,Men,99.74%,0.21%,12,1827735,Q1,1/1/2020,Mid,1/1/2020,2/3/2020,99.53176546,A,28191
Converse Chuck Taylor All Star,Classic,43544,19133,4899,February,2021,Special Release,60,Men,43.94%,11.25%,19512,1147980,Q1,2/1/2021,Mid,2/1/2021,4/4/2021,32.68877457,C,43544
New Balance 574 Core,White Chocolate,47762,20573,9868,May,2016,Standard,90,Women,43.07%,20.66%,17321,1851570,Q2,5/1/2016,Mid,5/1/2016,5/18/2016,22.41321553,D,47762
Reebok Classic Leather,Classic,24530,21378,2444,January,2021,Standard,85,Men,87.15%,9.96%,708,1817130,Q1,1/1/2021,Mid,1/1/2021,2/4/2021,77.18711781,A,24530
Under Armour Charged Assert 9,Creamy,28818,14544,7032,January,2015,Special Release,75,Women,50.47%,24.4%,7242,1090800,Q1,1/1/2015,Mid,1/1/2015,2/8/2015,26.06704143,C,28818
Fila Disruptor II Premium,Peanut Butter,97080,92584,701,November,2020,Holiday,70,Men,95.37%,0.72%,3795,6480880,Q4,11/1/2020,Mid,11/1/2020,1/8/2021,94.64668315,A,97080
ASICS Gel-Quantum 90,Crisper,71621,10706,41659,May,2019,Holiday,100,Men,14.95%,58.17%,19256,1070600,Q2,5/1/2019,Mid,5/1/2019,6/17/2019,-43.21777132,E,71621
Skechers D'Lites,Almond,18855,10649,3950,March,2023,Standard,75,Women,56.48%,20.95%,4256,798675,Q1,3/1/2023,Mid,3/1/2023,4/8/2023,35.52903739,C,18855
Vans Old Skool,Peanut Butter,15811,10772,4472,October,2018,Limited,70,Women,68.13%,28.28%,567,754040,Q4,10/1/2018,Mid,10/1/2018,12/29/2018,39.84567706,C,15811
Onitsuka Tiger Mexico 66,Creamy,72722,28891,8837,September,2015,Anniversary,100,Men,39.73%,12.15%,34994,2889100,Q3,9/1/2015,Mid,9/1/2015,11/26/2015,27.57624928,C,72722
Lacoste Carnaby Evo,Classic,36144,34025,171,July,2018,Holiday,95,Women,94.14%,0.47%,1948,3232375,Q3,7/1/2018,Mid,7/1/2018,8/20/2018,93.66423196,A,36144
Superga 2750 Cotu Classic,Almond,14799,8131,2343,January,2019,Standard,65,Women,54.94%,15.83%,4325,528515,Q1,1/1/2019,Mid,1/1/2019,2/22/2019,39.11075073,C,14799
Hoka One One Clifton 8,Almond,26315,17059,7159,December,2024,Anniversary,140,Women,64.83%,27.21%,2097,2388260,Q4,12/1/2024,High,12/1/2024,1/9/2025,37.62112863,C,26315
Saucony Jazz Original,Almond,34486,21259,11338,July,2020,Holiday,80,Women,61.65%,32.88%,1889,1700720,Q3,7/1/2020,Mid,7/1/2020,8/2/2020,28.76819579,C,34486
Columbia Trailstorm Waterproof,White Chocolate,20828,16912,1738,November,2015,Anniversary,110,Men,81.2%,8.34%,2178,1860320,Q4,11/1/2015,High,11/1/2015,1/20/2016,72.85385059,B,20828
Nike Air Force 1 '07 Sneakers,Brownie,48504,26050,3361,November,2015,Holiday,115,Women,53.71%,6.93%,19093,2995750,Q4,11/1/2015,High,11/1/2015,1/8/2016,46.77758535,B,48504
Adidas Originals Samba OG Shoes,Crisper,88986,60851,5460,September,2022,Anniversary,100,Men,68.38%,6.14%,22675,6085100,Q3,9/1/2022,Mid,9/1/2022,10/20/2022,62.24687029,B,88986
Air Jordan 1 Mid Shoes,Creamy,56210,45294,7126,January,2018,Standard,110,Women,80.58%,12.68%,3790,4982340,Q1,1/1/2018,High,1/1/2018,3/17/2018,67.90250845,B,56210
Red Tape Casual Sneakers,Almond,77251,25969,2040,August,2016,Special Release,35,Women,33.62%,2.64%,49242,908915,Q3,8/1/2016,Low,8/1/2016,9/25/2016,30.9756508,C,77251
Nike Court Vision Low Shoes,Classic,26545,7203,7733,September,2023,Holiday,80,Men,27.14%,29.13%,11609,576240,Q3,9/1/2023,Mid,9/1/2023,10/18/2023,-1.996609531,D,26545
Puma Smash V2 Sneakers,Brownie,30111,27251,1842,February,2019,Holiday,65,Men,90.5%,6.12%,1018,1771315,Q1,2/1/2019,Mid,2/1/2019,4/24/2019,84.38444422,A,30111
Converse Chuck Taylor All Star,Brownie,28047,22349,3006,June,2019,Holiday,60,Men,79.68%,10.72%,2692,1340940,Q2,6/1/2019,Mid,6/1/2019,7/18/2019,68.96637787,B,28047
New Balance 574 Core,Classic,13396,8048,4088,October,2020,Anniversary,90,Men,60.08%,30.52%,1260,724320,Q4,10/1/2020,Mid,10/1/2020,10/29/2020,29.561063,C,13396
Reebok Classic Leather,Almond,44116,34246,3515,November,2021,Holiday,85,Women,77.63%,7.97%,6355,2910910,Q4,11/1/2021,Mid,11/1/2021,12/6/2021,69.65953396,B,44116
Under Armour Charged Assert 9,Peanut Butter,26074,9447,2426,January,2020,Limited,75,Women,36.23%,9.3%,14201,708525,Q1,1/1/2020,Mid,1/1/2020,3/3/2020,26.92720718,C,26074
Fila Disruptor II Premium,Classic,99381,46889,43767,November,2018,Standard,70,Women,47.18%,44.04%,8725,3282230,Q4,11/1/2018,Mid,11/1/2018,12/5/2018,3.141445548,D,99381
ASICS Gel-Quantum 90,Almond,30644,28324,713,November,2023,Holiday,100,Men,92.43%,2.33%,1607,2832400,Q4,11/1/2023,Mid,11/1/2023,11/23/2023,90.10246704,A,30644
Skechers D'Lites,Peanut Butter,28202,12757,12949,July,2020,Standard,75,Women,45.23%,45.92%,2496,956775,Q3,7/1/2020,Mid,7/1/2020,7/22/2020,-0.68080278,D,28202
Vans Old Skool,Crisper,82305,22009,40104,November,2024,Standard,70,Women,26.74%,48.73%,20192,1540630,Q4,11/1/2024,Mid,11/1/2024,1/21/2025,-21.98529858,E,82305
Onitsuka Tiger Mexico 66,Creamy,72739,58843,12601,August,2019,Special Release,100,Women,80.9%,17.32%,1295,5884300,Q3,8/1/2019,Mid,8/1/2019,9/1/2019,63.57249893,B,72739
Lacoste Carnaby Evo,Creamy,19720,12372,3816,August,2022,Special Release,95,Men,62.74%,19.35%,3532,1175340,Q3,8/1/2022,Mid,8/1/2022,9/17/2022,43.38742394,C,19720
Superga 2750 Cotu Classic,White Chocolate,26912,19176,4119,September,2024,Standard,65,Men,71.25%,15.31%,3617,1246440,Q3,9/1/2024,Mid,9/1/2024,11/2/2024,55.94901902,B,26912
Hoka One One Clifton 8,Almond,31581,10307,10572,December,2022,Limited,140,Women,32.64%,33.48%,10702,1442980,Q4,12/1/2022,High,12/1/2022,3/1/2023,-0.839112124,D,31581
Saucony Jazz Original,White Chocolate,20336,9105,3216,February,2022,Special Release,80,Women,44.77%,15.81%,8015,728400,Q1,2/1/2022,Mid,2/1/2022,4/15/2022,28.95849725,C,20336
Columbia Trailstorm Waterproof,Brownie,79924,17245,32936,March,2022,Limited,110,Men,21.58%,41.21%,29743,1896950,Q1,3/1/2022,High,3/1/2022,4/6/2022,-19.63240078,E,79924
Nike Air Force 1 '07 Sneakers,Peanut Butter,96341,86851,5531,June,2024,Special Release,115,Men,90.15%,5.74%,3959,9987865,Q2,6/1/2024,High,6/1/2024,7/15/2024,84.40850728,A,96341
Adidas Originals Samba OG Shoes,Classic,15958,15509,394,June,2021,Holiday,100,Women,97.19%,2.47%,55,1550900,Q2,6/1/2021,Mid,6/1/2021,7/23/2021,94.71738313,A,15958
Air Jordan 1 Mid Shoes,Brownie,93753,8969,65278,December,2024,Special Release,110,Women,9.57%,69.63%,19506,986590,Q4,12/1/2024,High,12/1/2024,2/4/2025,-60.06101138,E,93753
Red Tape Casual Sneakers,Crisper,42096,31613,4873,February,2020,Standard,35,Men,75.1%,11.58%,5610,1106455,Q1,2/1/2020,Low,2/1/2020,4/9/2020,63.52147472,B,42096
Nike Court Vision Low Shoes,Crisper,64476,36735,15218,April,2017,Holiday,80,Women,56.97%,23.6%,12523,2938800,Q2,4/1/2017,Mid,4/1/2017,4/23/2017,33.37210745,C,64476
Puma Smash V2 Sneakers,White Chocolate,51853,27634,13065,June,2016,Holiday,65,Men,53.29%,25.2%,11154,1796210,Q2,6/1/2016,Mid,6/1/2016,7/12/2016,28.096735,C,51853
Converse Chuck Taylor All Star,Almond,41685,35570,1003,December,2017,Anniversary,60,Men,85.33%,2.41%,5112,2134200,Q4,12/1/2017,Mid,12/1/2017,1/11/2018,82.9243133,A,41685
New Balance 574 Core,Classic,48038,30175,13701,October,2017,Limited,90,Women,62.81%,28.52%,4162,2715750,Q4,10/1/2017,Mid,10/1/2017,11/5/2017,34.29368417,C,48038
Reebok Classic Leather,Peanut Butter,30885,21327,8433,March,2020,Anniversary,85,Women,69.05%,27.3%,1125,1812795,Q1,3/1/2020,Mid,3/1/2020,4/14/2020,41.74842156,C,30885
Under Armour Charged Assert 9,Classic,21802,17885,2070,February,2020,Limited,75,Women,82.03%,9.49%,1847,1341375,Q1,2/1/2020,Mid,2/1/2020,3/14/2020,72.53921659,B,21802
Fila Disruptor II Premium,Classic,16624,9609,4054,September,2021,Anniversary,70,Men,57.8%,24.39%,2961,672630,Q3,9/1/2021,Mid,9/1/2021,11/18/2021,33.41554379,C,16624
ASICS Gel-Quantum 90,White Chocolate,24089,19120,1097,November,2024,Holiday,100,Women,79.37%,4.55%,3872,1912000,Q4,11/1/2024,Mid,11/1/2024,1/23/2025,74.81838183,A,24089
Skechers D'Lites,Almond,15930,11563,419,May,2021,Special Release,75,Women,72.59%,2.63%,3948,867225,Q2,5/1/2021,Mid,5/1/2021,7/15/2021,69.95605775,B,15930
Vans Old Skool,Classic,60639,38046,14757,July,2023,Special Release,70,Men,62.74%,24.34%,7836,2663220,Q3,7/1/2023,Mid,7/1/2023,9/1/2023,38.40597635,C,60639
Onitsuka Tiger Mexico 66,Peanut Butter,22672,17907,3057,November,2023,Holiday,100,Women,78.98%,13.48%,1708,1790700,Q4,11/1/2023,Mid,11/1/2023,12/4/2023,65.49929428,B,22672
Lacoste Carnaby Evo,White Chocolate,28909,11522,16682,July,2019,Special Release,95,Men,39.86%,57.71%,705,1094590,Q3,7/1/2019,Mid,7/1/2019,7/19/2019,-17.84911273,E,28909
Superga 2750 Cotu Classic,Peanut Butter,53652,36047,17017,February,2020,Limited,65,Men,67.19%,31.72%,588,2343055,Q1,2/1/2020,Mid,2/1/2020,3/21/2020,35.46932081,C,53652
Hoka One One Clifton 8,Almond,90356,46750,10649,May,2019,Special Release,140,Women,51.74%,11.79%,32957,6545000,Q2,5/1/2019,High,5/1/2019,7/18/2019,39.95418124,C,90356
Saucony Jazz Original,Brownie,54089,38247,13570,September,2020,Special Release,80,Women,70.71%,25.09%,2272,3059760,Q3,9/1/2020,Mid,9/1/2020,11/3/2020,45.62295476,B,54089
Columbia Trailstorm Waterproof,Crisper,12180,8017,2713,July,2022,Standard,110,Women,65.82%,22.27%,1450,881870,Q3,7/1/2022,High,7/1/2022,8/1/2022,43.54679803,C,12180
Nike Air Force 1 '07 Sneakers,White Chocolate,92478,8492,78238,April,2020,Holiday,115,Men,9.18%,84.6%,5748,976580,Q2,4/1/2020,High,4/1/2020,5/29/2020,-75.41901858,E,92478
Adidas Originals Samba OG Shoes,Creamy,16731,14560,1967,November,2016,Special Release,100,Women,87.02%,11.76%,204,1456000,Q4,11/1/2016,Mid,11/1/2016,12/15/2016,75.26746758,A,16731
Air Jordan 1 Mid Shoes,Peanut Butter,99224,36745,2069,June,2021,Standard,110,Women,37.03%,2.09%,60410,4041950,Q2,6/1/2021,High,6/1/2021,7/31/2021,34.9471902,C,99224
Red Tape Casual Sneakers,Almond,64890,14924,27063,September,2022,Limited,35,Women,23.0%,41.71%,22903,522340,Q3,9/1/2022,Low,9/1/2022,9/21/2022,-18.70704269,E,64890
Nike Court Vision Low Shoes,White Chocolate,18163,16563,282,October,2020,Limited,80,Women,91.19%,1.55%,1318,1325040,Q4,10/1/2020,Mid,10/1/2020,11/21/2020,89.63827562,A,18163
Puma Smash V2 Sneakers,Brownie,59391,25562,11349,February,2020,Special Release,65,Women,43.04%,19.11%,22480,1661530,Q1,2/1/2020,Mid,2/1/2020,3/10/2020,23.93123537,D,59391
Converse Chuck Taylor All Star,Creamy,99226,89319,4331,November,2021,Anniversary,60,Men,90.02%,4.36%,5576,5359140,Q4,11/1/2021,Mid,11/1/2021,12/31/2021,85.65093826,A,99226
New Balance 574 Core,Almond,83149,44124,14736,May,2018,Holiday,90,Women,53.07%,17.72%,24289,3971160,Q2,5/1/2018,Mid,5/1/2018,7/7/2018,35.34378044,C,83149
Reebok Classic Leather,Almond,72888,50718,18366,December,2023,Holiday,85,Women,69.58%,25.2%,3804,4311030,Q4,12/1/2023,Mid,12/1/2023,2/13/2024,44.38590715,C,72888
Under Armour Charged Assert 9,Crisper,55237,14599,19035,June,2015,Holiday,75,Men,26.43%,34.46%,21603,1094925,Q2,6/1/2015,Mid,6/1/2015,8/17/2015,-8.030848888,E,55237
Fila Disruptor II Premium,Almond,67983,47989,8403,May,2023,Anniversary,70,Women,70.59%,12.36%,11591,3359230,Q2,5/1/2023,Mid,5/1/2023,6/16/2023,58.2292632,B,67983
ASICS Gel-Quantum 90,Brownie,45601,13996,3579,November,2021,Special Release,100,Men,30.69%,7.85%,28026,1399600,Q4,11/1/2021,Mid,11/1/2021,12/18/2021,22.84379729,D,45601
Skechers D'Lites,Creamy,79604,34579,41808,August,2017,Standard,75,Women,43.44%,52.52%,3217,2593425,Q3,8/1/2017,Mid,8/1/2017,10/21/2017,-9.08120195,E,79604
Vans Old Skool,Creamy,71918,18178,44642,August,2023,Limited,70,Men,25.28%,62.07%,9098,1272460,Q3,8/1/2023,Mid,8/1/2023,9/2/2023,-36.79746378,E,71918
Onitsuka Tiger Mexico 66,Crisper,95575,67350,15645,April,2022,Limited,100,Women,70.47%,16.37%,12580,6735000,Q2,4/1/2022,Mid,4/1/2022,5/10/2022,54.09887523,B,95575
Lacoste Carnaby Evo,Almond,47409,47329,7,August,2023,Standard,95,Men,99.83%,0.01%,73,4496255,Q3,8/1/2023,Mid,8/1/2023,10/8/2023,99.81649054,A,47409
Superga 2750 Cotu Classic,Brownie,14888,7868,3423,November,2024,Limited,65,Men,52.85%,22.99%,3597,511420,Q4,11/1/2024,Mid,11/1/2024,1/12/2025,29.85626008,C,14888
Hoka One One Clifton 8,White Chocolate,62034,56639,4058,February,2017,Holiday,140,Men,91.3%,6.54%,1337,7929460,Q1,2/1/2017,High,2/1/2017,4/23/2017,84.76158236,A,62034
Saucony Jazz Original,Almond,84443,84007,54,October,2018,Holiday,80,Women,99.48%,0.06%,382,6720560,Q4,10/1/2018,Mid,10/1/2018,11/30/2018,99.41972692,A,84443
Columbia Trailstorm Waterproof,Peanut Butter,76088,66344,4470,February,2017,Standard,110,Women,87.19%,5.87%,5274,7297840,Q1,2/1/2017,High,2/1/2017,3/11/2017,81.31899905,A,76088
Nike Air Force 1 '07 Sneakers,Creamy,43720,17202,461,April,2023,Holiday,115,Men,39.35%,1.05%,26057,1978230,Q2,4/1/2023,High,4/1/2023,5/17/2023,38.29139982,C,43720
Adidas Originals Samba OG Shoes,Peanut Butter,90079,88719,830,April,2024,Anniversary,100,Men,98.49%,0.92%,530,8871900,Q2,4/1/2024,Mid,4/1/2024,6/1/2024,97.56880072,A,90079
Air Jordan 1 Mid Shoes,Crisper,97720,17502,24219,July,2016,Anniversary,110,Men,17.91%,24.78%,55999,1925220,Q3,7/1/2016,High,7/1/2016,8/7/2016,-6.873720835,E,97720
Red Tape Casual Sneakers,Classic,44181,30137,3858,January,2020,Holiday,35,Women,68.21%,8.73%,10186,1054795,Q1,1/1/2020,Low,1/1/2020,3/21/2020,59.48031959,B,44181
Nike Court Vision Low Shoes,Brownie,85088,6498,34282,May,2022,Holiday,80,Men,7.64%,40.29%,44308,519840,Q2,5/1/2022,Mid,5/1/2022,6/11/2022,-32.6532531,E,85088
Puma Smash V2 Sneakers,Creamy,25495,20250,2513,October,2016,Anniversary,65,Women,79.43%,9.86%,2732,1316250,Q4,10/1/2016,Mid,10/1/2016,10/17/2016,69.57050402,B,25495
Converse Chuck Taylor All Star,Creamy,25389,14667,6021,November,2021,Limited,60,Men,57.77%,23.71%,4701,880020,Q4,11/1/2021,Mid,11/1/2021,12/2/2021,34.05411793,C,25389
New Balance 574 Core,Crisper,30078,19908,9924,March,2019,Anniversary,90,Women,66.19%,32.99%,246,1791720,Q1,3/1/2019,Mid,3/1/2019,4/17/2019,33.19369639,C,30078
Reebok Classic Leather,White Chocolate,80453,33627,16217,August,2022,Special Release,85,Men,41.8%,20.16%,30609,2858295,Q3,8/1/2022,Mid,8/1/2022,8/24/2022,21.63996371,D,80453
Under Armour Charged Assert 9,Brownie,68556,39614,23061,January,2019,Standard,75,Men,57.78%,33.64%,5881,2971050,Q1,1/1/2019,Mid,1/1/2019,2/27/2019,24.14522434,D,68556
Fila Disruptor II Premium,Classic,81781,71255,3312,June,2021,Special Release,70,Women,87.13%,4.05%,7214,4987850,Q2,6/1/2021,Mid,6/1/2021,8/2/2021,83.07919933,A,81781
ASICS Gel-Quantum 90,White Chocolate,78202,62912,1904,August,2022,Limited,100,Women,80.45%,2.43%,13386,6291200,Q3,8/1/2022,Mid,8/1/2022,9/23/2022,78.01335004,A,78202
Skechers D'Lites,Classic,76895,63390,13249,August,2015,Anniversary,75,Women,82.44%,17.23%,256,4754250,Q3,8/1/2015,Mid,8/1/2015,9/26/2015,65.20710059,B,76895
Vans Old Skool,Crisper,83912,12567,60604,July,2022,Holiday,70,Women,14.98%,72.22%,10741,879690,Q3,7/1/2022,Mid,7/1/2022,8/10/2022,-57.24687768,E,83912
Onitsuka Tiger Mexico 66,Almond,10395,6785,2368,October,2015,Standard,100,Men,65.27%,22.78%,1242,678500,Q4,10/1/2015,Mid,10/1/2015,12/4/2015,42.49158249,C,10395
Lacoste Carnaby Evo,Brownie,17897,6130,7734,May,2015,Holiday,95,Men,34.25%,43.21%,4033,582350,Q2,5/1/2015,Mid,5/1/2015,6/9/2015,-8.962395932,E,17897
Superga 2750 Cotu Classic,White Chocolate,94085,89656,3443,March,2019,Anniversary,65,Women,95.29%,3.66%,986,5827640,Q1,3/1/2019,Mid,3/1/2019,4/8/2019,91.63309773,A,94085
Hoka One One Clifton 8,Crisper,20518,16185,1089,April,2022,Holiday,140,Women,78.88%,5.31%,3244,2265900,Q2,4/1/2022,High,4/1/2022,4/28/2022,73.57442246,B,20518
Saucony Jazz Original,Brownie,26691,12297,13677,January,2015,Standard,80,Women,46.07%,51.24%,717,983760,Q1,1/1/2015,Mid,1/1/2015,3/16/2015,-5.170282118,E,26691
Columbia Trailstorm Waterproof,Creamy,81361,60591,17430,April,2019,Limited,110,Women,74.47%,21.42%,3340,6665010,Q2,4/1/2019,High,4/1/2019,4/22/2019,53.048758,B,81361
Nike Air Force 1 '07 Sneakers,Peanut Butter,46129,17352,28678,February,2023,Standard,115,Women,37.62%,62.17%,99,1995480,Q1,2/1/2023,High,2/1/2023,4/13/2023,-24.5528843,E,46129
Adidas Originals Samba OG Shoes,Brownie,12050,6971,1688,October,2015,Standard,100,Women,57.85%,14.01%,3391,697100,Q4,10/1/2015,Mid,10/1/2015,11/20/2015,43.84232365,C,12050
Air Jordan 1 Mid Shoes,Brownie,98083,97181,893,July,2015,Limited,110,Women,99.08%,0.91%,9,10689910,Q3,7/1/2015,High,7/1/2015,8/29/2015,98.16991731,A,98083
Red Tape Casual Sneakers,Crisper,40715,40373,111,June,2023,Standard,35,Women,99.16%,0.27%,231,1413055,Q2,6/1/2023,Low,6/1/2023,7/5/2023,98.88738794,A,40715
Nike Court Vision Low Shoes,Peanut Butter,85511,46799,37845,September,2021,Holiday,80,Men,54.73%,44.26%,867,3743920,Q3,9/1/2021,Mid,9/1/2021,11/19/2021,10.47116745,D,85511
Puma Smash V2 Sneakers,Creamy,78321,33972,27103,May,2018,Holiday,65,Men,43.38%,34.61%,17246,2208180,Q2,5/1/2018,Mid,5/1/2018,5/23/2018,8.770317029,D,78321
Converse Chuck Taylor All Star,Creamy,98965,60994,36428,July,2020,Standard,60,Women,61.63%,36.81%,1543,3659640,Q3,7/1/2020,Mid,7/1/2020,7/31/2020,24.82291719,C,98965
New Balance 574 Core,White Chocolate,78742,46777,22816,September,2019,Anniversary,90,Women,59.41%,28.98%,9149,4209930,Q3,9/1/2019,Mid,9/1/2019,9/29/2019,30.42975794,C,78742
Reebok Classic Leather,Peanut Butter,80507,67065,3948,July,2024,Limited,85,Men,83.3%,4.9%,9494,5700525,Q3,7/1/2024,Mid,7/1/2024,9/29/2024,78.39939384,A,80507
Under Armour Charged Assert 9,White Chocolate,70689,12552,36856,August,2019,Anniversary,75,Men,17.76%,52.14%,21281,941400,Q3,8/1/2019,Mid,8/1/2019,8/30/2019,-34.38158695,E,70689
Fila Disruptor II Premium,Crisper,41831,21711,6662,September,2018,Standard,70,Women,51.9%,15.93%,13458,1519770,Q3,9/1/2018,Mid,9/1/2018,11/20/2018,35.97571179,C,41831
ASICS Gel-Quantum 90,Classic,80206,29966,3377,January,2018,Anniversary,100,Men,37.36%,4.21%,46863,2996600,Q1,1/1/2018,Mid,1/1/2018,2/16/2018,33.15088647,C,80206
Skechers D'Lites,White Chocolate,19539,8082,9626,February,2023,Special Release,75,Men,41.36%,49.27%,1831,606150,Q1,2/1/2023,Mid,2/1/2023,4/19/2023,-7.902144429,E,19539
Vans Old Skool,White Chocolate,53642,24869,502,May,2017,Limited,70,Men,46.36%,0.94%,28271,1740830,Q2,5/1/2017,Mid,5/1/2017,7/5/2017,45.4252265,B,53642
Onitsuka Tiger Mexico 66,Creamy,72773,36797,13402,June,2019,Limited,100,Women,50.56%,18.42%,22574,3679700,Q2,6/1/2019,Mid,6/1/2019,7/10/2019,32.147912,C,72773
Lacoste Carnaby Evo,Crisper,71112,52088,10106,December,2017,Holiday,95,Women,73.25%,14.21%,8918,4948360,Q4,12/1/2017,Mid,12/1/2017,2/11/2018,59.03644954,B,71112
Superga 2750 Cotu Classic,Crisper,22924,20384,1311,April,2017,Holiday,65,Men,88.92%,5.72%,1229,1324960,Q2,4/1/2017,Mid,4/1/2017,6/17/2017,83.20101204,A,22924
Hoka One One Clifton 8,Brownie,39002,14563,531,December,2017,Special Release,140,Women,37.34%,1.36%,23908,2038820,Q4,12/1/2017,High,12/1/2017,2/15/2018,35.97764217,C,39002
Saucony Jazz Original,Almond,29976,11428,10809,July,2017,Anniversary,80,Men,38.12%,36.06%,7739,914240,Q3,7/1/2017,Mid,7/1/2017,8/6/2017,2.064985322,D,29976
Columbia Trailstorm Waterproof,Crisper,82173,49245,16864,July,2023,Anniversary,110,Women,59.93%,20.52%,16064,5416950,Q3,7/1/2023,High,7/1/2023,9/11/2023,39.40588758,C,82173
Nike Air Force 1 '07 Sneakers,Crisper,32050,29011,1442,November,2016,Limited,115,Women,90.52%,4.5%,1597,3336265,Q4,11/1/2016,High,11/1/2016,1/12/2017,86.01872075,A,32050
Adidas Originals Samba OG Shoes,Peanut Butter,81058,12698,4433,May,2024,Standard,100,Men,15.67%,5.47%,63927,1269800,Q2,5/1/2024,Mid,5/1/2024,7/3/2024,10.19640258,D,81058
Air Jordan 1 Mid Shoes,White Chocolate,10836,8378,563,June,2024,Limited,110,Men,77.32%,5.2%,1895,921580,Q2,6/1/2024,High,6/1/2024,8/6/2024,72.12070875,B,10836
Red Tape Casual Sneakers,Classic,38668,38143,466,March,2019,Standard,35,Women,98.64%,1.21%,59,1335005,Q1,3/1/2019,Low,3/1/2019,4/26/2019,97.43715734,A,38668
Nike Court Vision Low Shoes,Creamy,73944,7061,866,December,2020,Special Release,80,Men,9.55%,1.17%,66017,564880,Q4,12/1/2020,Mid,12/1/2020,2/23/2021,8.377961701,D,73944
Puma Smash V2 Sneakers,Brownie,46010,40110,2348,March,2015,Special Release,65,Women,87.18%,5.1%,3552,2607150,Q1,3/1/2015,Mid,3/1/2015,3/30/2015,82.07346229,A,46010
Converse Chuck Taylor All Star,White Chocolate,33496,8506,3156,November,2020,Limited,60,Women,25.39%,9.42%,21834,510360,Q4,11/1/2020,Mid,11/1/2020,1/8/2021,15.97205636,D,33496
New Balance 574 Core,White Chocolate,56457,22519,26011,November,2015,Holiday,90,Women,39.89%,46.07%,7927,2026710,Q4,11/1/2015,Mid,11/1/2015,1/14/2016,-6.185238323,E,56457
Reebok Classic Leather,Brownie,41877,19801,9829,September,2022,Standard,85,Men,47.28%,23.47%,12247,1683085,Q3,9/1/2022,Mid,9/1/2022,9/23/2022,23.81259403,D,41877
Under Armour Charged Assert 9,Classic,63120,29855,24718,March,2021,Anniversary,75,Men,47.3%,39.16%,8547,2239125,Q1,3/1/2021,Mid,3/1/2021,5/7/2021,8.138466413,D,63120
Fila Disruptor II Premium,Creamy,32463,7709,16379,June,2024,Anniversary,70,Women,23.75%,50.45%,8375,539630,Q2,6/1/2024,Mid,6/1/2024,8/14/2024,-26.70732834,E,32463
ASICS Gel-Quantum 90,Brownie,22499,22306,10,July,2017,Limited,100,Women,99.14%,0.04%,183,2230600,Q3,7/1/2017,Mid,7/1/2017,7/20/2017,99.09773768,A,22499
Skechers D'Lites,Almond,16102,6218,4593,February,2021,Special Release,75,Men,38.62%,28.52%,5291,466350,Q1,2/1/2021,Mid,2/1/2021,4/24/2021,10.09191405,D,16102
Vans Old Skool,White Chocolate,51220,6026,13576,August,2021,Limited,70,Women,11.76%,26.51%,31618,421820,Q3,8/1/2021,Mid,8/1/2021,8/21/2021,-14.74033581,E,51220
Onitsuka Tiger Mexico 66,Classic,49226,15646,15759,May,2021,Anniversary,100,Women,31.78%,32.01%,17821,1564600,Q2,5/1/2021,Mid,5/1/2021,7/1/2021,-0.229553488,D,49226
Lacoste Carnaby Evo,Crisper,28343,27587,741,November,2015,Special Release,95,Women,97.33%,2.61%,15,2620765,Q4,11/1/2015,Mid,11/1/2015,1/9/2016,94.71827259,A,28343
Superga 2750 Cotu Classic,Classic,22803,19322,950,May,2024,Standard,65,Women,84.73%,4.17%,2531,1255930,Q2,5/1/2024,Mid,5/1/2024,6/24/2024,80.56834627,A,22803
Hoka One One Clifton 8,White Chocolate,52778,6941,41557,January,2018,Anniversary,140,Women,13.15%,78.74%,4280,971740,Q1,1/1/2018,High,1/1/2018,3/8/2018,-65.58793437,E,52778
Saucony Jazz Original,Brownie,59207,33301,6086,August,2022,Special Release,80,Men,56.25%,10.28%,19820,2664080,Q3,8/1/2022,Mid,8/1/2022,8/31/2022,45.96584863,B,59207
Columbia Trailstorm Waterproof,White Chocolate,91083,43715,16151,December,2022,Standard,110,Men,47.99%,17.73%,31217,4808650,Q4,12/1/2022,High,12/1/2022,12/28/2022,30.26250782,C,91083
Nike Air Force 1 '07 Sneakers,Crisper,93086,25221,51068,July,2018,Holiday,115,Men,27.09%,54.86%,16797,2900415,Q3,7/1/2018,High,7/1/2018,8/14/2018,-27.7667963,E,93086
Adidas Originals Samba OG Shoes,Almond,68292,28587,17679,February,2016,Limited,100,Women,41.86%,25.89%,22026,2858700,Q1,2/1/2016,Mid,2/1/2016,3/5/2016,15.9725883,D,68292
Air Jordan 1 Mid Shoes,Crisper,83005,77710,4197,July,2019,Standard,110,Women,93.62%,5.06%,1098,8548100,Q3,7/1/2019,High,7/1/2019,8/1/2019,88.5645443,A,83005
Red Tape Casual Sneakers,Brownie,22198,15630,3155,February,2015,Holiday,35,Men,70.41%,14.21%,3413,547050,Q1,2/1/2015,Low,2/1/2015,4/19/2015,56.19875664,B,22198
Nike Court Vision Low Shoes,Creamy,83339,36816,37483,November,2020,Limited,80,Men,44.18%,44.98%,9040,2945280,Q4,11/1/2020,Mid,11/1/2020,12/4/2020,-0.800345577,D,83339
Puma Smash V2 Sneakers,Peanut Butter,45247,24734,8795,July,2020,Limited,65,Women,54.66%,19.44%,11718,1607710,Q3,7/1/2020,Mid,7/1/2020,9/11/2020,35.22664486,C,45247
Converse Chuck Taylor All Star,Almond,65194,24644,31734,October,2023,Standard,60,Men,37.8%,48.68%,8816,1478640,Q4,10/1/2023,Mid,10/1/2023,12/9/2023,-10.87523392,E,65194
New Balance 574 Core,Creamy,91924,69985,19457,November,2021,Limited,90,Men,76.13%,21.17%,2482,6298650,Q4,11/1/2021,Mid,11/1/2021,1/16/2022,54.96714677,B,91924
Reebok Classic Leather,Almond,10887,8241,1360,June,2024,Special Release,85,Women,75.7%,12.49%,1286,700485,Q2,6/1/2024,Mid,6/1/2024,7/8/2024,63.20382107,B,10887
Under Armour Charged Assert 9,Crisper,53874,33220,19477,July,2016,Holiday,75,Men,61.66%,36.15%,1177,2491500,Q3,7/1/2016,Mid,7/1/2016,7/24/2016,25.50952222,C,53874
Fila Disruptor II Premium,Crisper,51180,16641,26099,July,2018,Holiday,70,Women,32.51%,50.99%,8440,1164870,Q3,7/1/2018,Mid,7/1/2018,7/27/2018,-18.47987495,E,51180
ASICS Gel-Quantum 90,Brownie,41775,26357,6161,February,2018,Anniversary,100,Men,63.09%,14.75%,9257,2635700,Q1,2/1/2018,Mid,2/1/2018,2/16/2018,48.34470377,B,41775
Skechers D'Lites,Brownie,81516,28583,44676,August,2023,Special Release,75,Women,35.06%,54.81%,8257,2143725,Q3,8/1/2023,Mid,8/1/2023,10/12/2023,-19.74213651,E,81516
Vans Old Skool,Creamy,37479,19367,9546,April,2024,Standard,70,Women,51.67%,25.47%,8566,1355690,Q2,4/1/2024,Mid,4/1/2024,4/16/2024,26.20400758,C,37479
Onitsuka Tiger Mexico 66,Creamy,75444,23242,41506,May,2018,Limited,100,Men,30.81%,55.02%,10696,2324200,Q2,5/1/2018,Mid,5/1/2018,6/18/2018,-24.20868459,E,75444
Lacoste Carnaby Evo,Creamy,65460,56712,6176,October,2015,Anniversary,95,Women,86.64%,9.43%,2572,5387640,Q4,10/1/2015,Mid,10/1/2015,12/2/2015,77.20134433,A,65460
Superga 2750 Cotu Classic,Brownie,62534,40020,16600,October,2024,Anniversary,65,Women,64.0%,26.55%,5914,2601300,Q4,10/1/2024,Mid,10/1/2024,10/16/2024,37.45162632,C,62534
Hoka One One Clifton 8,Creamy,80373,16138,7167,August,2023,Limited,140,Women,20.08%,8.92%,57068,2259320,Q3,8/1/2023,High,8/1/2023,8/31/2023,11.16170853,D,80373
Saucony Jazz Original,Peanut Butter,94803,85304,725,April,2021,Anniversary,80,Women,89.98%,0.76%,8774,6824320,Q2,4/1/2021,Mid,4/1/2021,6/15/2021,89.21553115,A,94803
Columbia Trailstorm Waterproof,White Chocolate,66420,11943,691,February,2016,Holiday,110,Men,17.98%,1.04%,53786,1313730,Q1,2/1/2016,High,2/1/2016,4/19/2016,16.94068052,D,66420
Nike Air Force 1 '07 Sneakers,Crisper,59036,30633,15173,August,2023,Special Release,115,Men,51.89%,25.7%,13230,3522795,Q3,8/1/2023,High,8/1/2023,10/17/2023,26.18741107,C,59036
Adidas Originals Samba OG Shoes,Almond,13219,12909,53,April,2018,Anniversary,100,Men,97.65%,0.4%,257,1290900,Q2,4/1/2018,Mid,4/1/2018,6/23/2018,97.25395264,A,13219
Air Jordan 1 Mid Shoes,Classic,28569,16414,5110,November,2018,Anniversary,110,Women,57.45%,17.89%,7045,1805540,Q4,11/1/2018,High,11/1/2018,12/7/2018,39.56736323,C,28569
Red Tape Casual Sneakers,Almond,72411,17795,28715,February,2023,Anniversary,35,Women,24.57%,39.66%,25901,622825,Q1,2/1/2023,Low,2/1/2023,4/23/2023,-15.08058168,E,72411
Nike Court Vision Low Shoes,Classic,25084,5740,11241,April,2022,Standard,80,Men,22.88%,44.81%,8103,459200,Q2,4/1/2022,Mid,4/1/2022,6/30/2022,-21.93031414,E,25084
Puma Smash V2 Sneakers,Creamy,41970,38816,714,March,2021,Limited,65,Women,92.49%,1.7%,2440,2523040,Q1,3/1/2021,Mid,3/1/2021,4/10/2021,90.78389326,A,41970
Converse Chuck Taylor All Star,Crisper,40389,31545,3022,February,2017,Anniversary,60,Men,78.1%,7.48%,5822,1892700,Q1,2/1/2017,Mid,2/1/2017,3/3/2017,70.62071356,B,40389
New Balance 574 Core,Crisper,87621,61302,12741,January,2015,Limited,90,Men,69.96%,14.54%,13578,5517180,Q1,1/1/2015,Mid,1/1/2015,3/7/2015,55.4216455,B,87621
Reebok Classic Leather,Brownie,23336,22592,191,February,2019,Holiday,85,Men,96.81%,0.82%,553,1920320,Q1,2/1/2019,Mid,2/1/2019,4/13/2019,95.99331505,A,23336
Under Armour Charged Assert 9,Almond,97910,69157,17292,March,2022,Holiday,75,Women,70.63%,17.66%,11461,5186775,Q1,3/1/2022,Mid,3/1/2022,4/13/2022,52.97211725,B,97910
Fila Disruptor II Premium,Brownie,24972,16400,5766,June,2024,Anniversary,70,Women,65.67%,23.09%,2806,1148000,Q2,6/1/2024,Mid,6/1/2024,8/23/2024,42.58369374,C,24972
ASICS Gel-Quantum 90,Brownie,87354,16108,17556,July,2018,Standard,100,Men,18.44%,20.1%,53690,1610800,Q3,7/1/2018,Mid,7/1/2018,8/31/2018,-1.657623005,D,87354
Skechers D'Lites,Peanut Butter,58929,50445,2316,September,2020,Anniversary,75,Men,85.6%,3.93%,6168,3783375,Q3,9/1/2020,Mid,9/1/2020,11/16/2020,81.67286056,A,58929
Vans Old Skool,Brownie,60293,32724,6086,June,2020,Special Release,70,Men,54.27%,10.09%,21483,2290680,Q2,6/1/2020,Mid,6/1/2020,8/23/2020,44.18091652,C,60293
Onitsuka Tiger Mexico 66,Brownie,31871,21044,4732,July,2016,Limited,100,Women,66.03%,14.85%,6095,2104400,Q3,7/1/2016,Mid,7/1/2016,9/29/2016,51.18132472,B,31871
Lacoste Carnaby Evo,Brownie,17026,10882,78,June,2020,Limited,95,Women,63.91%,0.46%,6066,1033790,Q2,6/1/2020,Mid,6/1/2020,7/1/2020,63.45589099,B,17026
Superga 2750 Cotu Classic,Brownie,76248,69876,3351,September,2022,Anniversary,65,Women,91.64%,4.39%,3021,4541940,Q3,9/1/2022,Mid,9/1/2022,11/2/2022,87.24819012,A,76248
Hoka One One Clifton 8,Crisper,31922,7708,18526,May,2015,Limited,140,Women,24.15%,58.04%,5688,1079120,Q2,5/1/2015,High,5/1/2015,6/23/2015,-33.88885408,E,31922
Saucony Jazz Original,Peanut Butter,80465,42836,11023,October,2023,Anniversary,80,Women,53.24%,13.7%,26606,3426880,Q4,10/1/2023,Mid,10/1/2023,11/17/2023,39.53644442,C,80465
Columbia Trailstorm Waterproof,Brownie,76952,19838,37533,April,2016,Holiday,110,Women,25.78%,48.77%,19581,2182180,Q2,4/1/2016,High,4/1/2016,5/8/2016,-22.99485393,E,76952
Nike Air Force 1 '07 Sneakers,Brownie,15453,12231,2237,June,2017,Anniversary,115,Men,79.15%,14.48%,985,1406565,Q2,6/1/2017,High,6/1/2017,6/25/2017,64.67352618,B,15453
Adidas Originals Samba OG Shoes,Almond,14224,12368,538,November,2018,Standard,100,Men,86.95%,3.78%,1318,1236800,Q4,11/1/2018,Mid,11/1/2018,1/23/2019,83.16929134,A,14224
Air Jordan 1 Mid Shoes,White Chocolate,41056,18754,19265,September,2022,Holiday,110,Women,45.68%,46.92%,3037,2062940,Q3,9/1/2022,High,9/1/2022,10/19/2022,-1.244641465,D,41056
Red Tape Casual Sneakers,Peanut Butter,90760,23249,27082,February,2024,Limited,35,Women,25.62%,29.84%,40429,813715,Q1,2/1/2024,Low,2/1/2024,4/7/2024,-4.223226091,E,90760
Nike Court Vision Low Shoes,Brownie,46842,44115,2206,November,2016,Holiday,80,Women,94.18%,4.71%,521,3529200,Q4,11/1/2016,Mid,11/1/2016,11/25/2016,89.46885274,A,46842
Puma Smash V2 Sneakers,Almond,85069,40041,33712,August,2022,Standard,65,Women,47.07%,39.63%,11316,2602665,Q3,8/1/2022,Mid,8/1/2022,9/3/2022,7.439842951,D,85069
Converse Chuck Taylor All Star,Classic,46349,13315,8696,October,2017,Limited,60,Men,28.73%,18.76%,24338,798900,Q4,10/1/2017,Mid,10/1/2017,12/12/2017,9.965695053,D,46349
New Balance 574 Core,White Chocolate,98635,56472,32077,August,2016,Special Release,90,Women,57.25%,32.52%,10086,5082480,Q3,8/1/2016,Mid,8/1/2016,8/16/2016,24.73259999,D,98635
Reebok Classic Leather,Crisper,69243,9949,41525,November,2023,Standard,85,Women,14.37%,59.97%,17769,845665,Q4,11/1/2023,Mid,11/1/2023,1/23/2024,-45.60172147,E,69243
Under Armour Charged Assert 9,Creamy,58374,34798,15992,September,2018,Special Release,75,Men,59.61%,27.4%,7584,2609850,Q3,9/1/2018,Mid,9/1/2018,9/19/2018,32.21639771,C,58374
Fila Disruptor II Premium,Creamy,70089,46604,21762,October,2022,Holiday,70,Women,66.49%,31.05%,1723,3262280,Q4,10/1/2022,Mid,10/1/2022,10/31/2022,35.44350754,C,70089
ASICS Gel-Quantum 90,Peanut Butter,66314,59057,1735,July,2020,Holiday,100,Women,89.06%,2.62%,5522,5905700,Q3,7/1/2020,Mid,7/1/2020,8/8/2020,86.44026902,A,66314
Skechers D'Lites,Almond,81737,80750,133,May,2021,Anniversary,75,Men,98.79%,0.16%,854,6056250,Q2,5/1/2021,Mid,5/1/2021,5/17/2021,98.62975152,A,81737
Vans Old Skool,Classic,23051,20059,66,May,2016,Limited,70,Men,87.02%,0.29%,2926,1404130,Q2,5/1/2016,Mid,5/1/2016,6/16/2016,86.73376426,A,23051
Onitsuka Tiger Mexico 66,Crisper,36518,27563,2161,November,2024,Holiday,100,Women,75.48%,5.92%,6794,2756300,Q4,11/1/2024,Mid,11/1/2024,12/9/2024,69.56021688,B,36518
Lacoste Carnaby Evo,Classic,95798,52242,16409,December,2015,Holiday,95,Men,54.53%,17.13%,27147,4962990,Q4,12/1/2015,Mid,12/1/2015,12/27/2015,37.40474749,C,95798
Superga 2750 Cotu Classic,Classic,61949,45999,5005,February,2023,Limited,65,Men,74.25%,8.08%,10945,2989935,Q1,2/1/2023,Mid,2/1/2023,4/6/2023,66.17378812,B,61949
Hoka One One Clifton 8,Creamy,22475,5035,6993,May,2020,Standard,140,Men,22.4%,31.11%,10447,704900,Q2,5/1/2020,High,5/1/2020,6/19/2020,-8.711902113,E,22475
Saucony Jazz Original,Brownie,99126,63335,608,February,2015,Holiday,80,Women,63.89%,0.61%,35183,5066800,Q1,2/1/2015,Mid,2/1/2015,3/20/2015,63.28006779,B,99126
Columbia Trailstorm Waterproof,Creamy,27324,20653,580,July,2017,Anniversary,110,Men,75.59%,2.12%,6091,2271830,Q3,7/1/2017,High,7/1/2017,8/17/2017,73.46288977,B,27324
Nike Air Force 1 '07 Sneakers,Classic,51071,29088,9805,July,2016,Anniversary,115,Men,56.96%,19.2%,12178,3345120,Q3,7/1/2016,High,7/1/2016,9/14/2016,37.75723992,C,51071
Adidas Originals Samba OG Shoes,Creamy,98753,23724,8966,December,2020,Special Release,100,Men,24.02%,9.08%,66063,2372400,Q4,12/1/2020,Mid,12/1/2020,2/4/2021,14.94435612,D,98753
Air Jordan 1 Mid Shoes,Crisper,56030,52345,872,January,2022,Limited,110,Women,93.42%,1.56%,2813,5757950,Q1,1/1/2022,High,1/1/2022,2/27/2022,91.86685704,A,56030
Red Tape Casual Sneakers,White Chocolate,38474,10681,3292,July,2016,Standard,35,Women,27.76%,8.56%,24501,373835,Q3,7/1/2016,Low,7/1/2016,7/27/2016,19.20517752,D,38474
Nike Court Vision Low Shoes,Almond,66280,25611,9163,October,2017,Holiday,80,Men,38.64%,13.82%,31506,2048880,Q4,10/1/2017,Mid,10/1/2017,12/21/2017,24.81593241,C,66280
Puma Smash V2 Sneakers,Brownie,88774,83644,4977,March,2018,Standard,65,Women,94.22%,5.61%,153,5436860,Q1,3/1/2018,Mid,3/1/2018,5/19/2018,88.61490977,A,88774
Converse Chuck Taylor All Star,Peanut Butter,77862,71784,1545,May,2023,Anniversary,60,Men,92.19%,1.98%,4533,4307040,Q2,5/1/2023,Mid,5/1/2023,6/17/2023,90.2096016,A,77862
New Balance 574 Core,White Chocolate,41370,37432,1580,April,2016,Limited,90,Men,90.48%,3.82%,2358,3368880,Q2,4/1/2016,Mid,4/1/2016,5/25/2016,86.66183225,A,41370
Reebok Classic Leather,Brownie,11581,7958,1296,June,2016,Anniversary,85,Women,68.72%,11.19%,2327,676430,Q2,6/1/2016,Mid,6/1/2016,8/28/2016,57.52525689,B,11581
Under Armour Charged Assert 9,Almond,81612,27645,49986,April,2020,Standard,75,Men,33.87%,61.25%,3981,2073375,Q2,4/1/2020,Mid,4/1/2020,5/28/2020,-27.37465079,E,81612
Fila Disruptor II Premium,Classic,44365,19138,1305,September,2015,Anniversary,70,Women,43.14%,2.94%,23922,1339660,Q3,9/1/2015,Mid,9/1/2015,10/29/2015,40.19610053,C,44365
ASICS Gel-Quantum 90,Crisper,62727,10401,41978,January,2021,Special Release,100,Women,16.58%,66.92%,10348,1040100,Q1,1/1/2021,Mid,1/1/2021,2/13/2021,-50.3403638,E,62727
Skechers D'Lites,Classic,50620,10178,33508,April,2017,Limited,75,Women,20.11%,66.2%,6934,763350,Q2,4/1/2017,Mid,4/1/2017,4/28/2017,-46.08850257,E,50620
Vans Old Skool,Brownie,93138,90175,2789,March,2022,Standard,70,Women,96.82%,2.99%,174,6312250,Q1,3/1/2022,Mid,3/1/2022,3/27/2022,93.82421783,A,93138
Onitsuka Tiger Mexico 66,Creamy,41278,8794,8011,December,2015,Anniversary,100,Men,21.3%,19.41%,24473,879400,Q4,12/1/2015,Mid,12/1/2015,1/30/2016,1.896894229,D,41278
Lacoste Carnaby Evo,Almond,97304,91252,1438,May,2016,Standard,95,Men,93.78%,1.48%,4614,8668940,Q2,5/1/2016,Mid,5/1/2016,5/17/2016,92.30247472,A,97304
Superga 2750 Cotu Classic,Peanut Butter,75065,50443,17137,October,2020,Holiday,65,Men,67.2%,22.83%,7485,3278795,Q4,10/1/2020,Mid,10/1/2020,11/19/2020,44.36954639,C,75065
Hoka One One Clifton 8,Creamy,45227,12736,25278,May,2015,Holiday,140,Women,28.16%,55.89%,7213,1783040,Q2,5/1/2015,High,5/1/2015,5/23/2015,-27.7312225,E,45227
Saucony Jazz Original,Brownie,18371,9308,1262,July,2020,Anniversary,80,Men,50.67%,6.87%,7801,744640,Q3,7/1/2020,Mid,7/1/2020,8/10/2020,43.79728921,C,18371
Columbia Trailstorm Waterproof,Crisper,84302,26873,24096,October,2016,Holiday,110,Men,31.88%,28.58%,33333,2956030,Q4,10/1/2016,High,10/1/2016,12/28/2016,3.294109274,D,84302
Nike Air Force 1 '07 Sneakers,Peanut Butter,76692,5336,5772,August,2024,Standard,115,Women,6.96%,7.53%,65584,613640,Q3,8/1/2024,High,8/1/2024,9/18/2024,-0.568507797,D,76692
Adidas Originals Samba OG Shoes,Almond,60197,14835,11728,August,2024,Standard,100,Women,24.64%,19.48%,33634,1483500,Q3,8/1/2024,Mid,8/1/2024,8/22/2024,5.16138678,D,60197
Air Jordan 1 Mid Shoes,Peanut Butter,52179,21270,13639,January,2023,Holiday,110,Men,40.76%,26.14%,17270,2339700,Q1,1/1/2023,High,1/1/2023,3/24/2023,14.62465743,D,52179
Red Tape Casual Sneakers,Brownie,58864,12825,32901,July,2022,Standard,35,Men,21.79%,55.89%,13138,448875,Q3,7/1/2022,Low,7/1/2022,9/11/2022,-34.10573525,E,58864
Nike Court Vision Low Shoes,Crisper,19034,12620,2312,September,2023,Holiday,80,Women,66.3%,12.15%,4102,1009600,Q3,9/1/2023,Mid,9/1/2023,11/29/2023,54.15572134,B,19034
Puma Smash V2 Sneakers,Classic,58354,18151,19109,April,2021,Holiday,65,Men,31.1%,32.75%,21094,1179815,Q2,4/1/2021,Mid,4/1/2021,5/14/2021,-1.641704082,D,58354
Converse Chuck Taylor All Star,Crisper,58270,43777,8083,August,2023,Limited,60,Men,75.13%,13.87%,6410,2626620,Q3,8/1/2023,Mid,8/1/2023,9/20/2023,61.25622104,B,58270
New Balance 574 Core,Peanut Butter,10835,8359,97,August,2017,Special Release,90,Men,77.15%,0.9%,2379,752310,Q3,8/1/2017,Mid,8/1/2017,9/5/2017,76.25288417,A,10835
Reebok Classic Leather,Almond,10191,8082,1259,March,2016,Limited,85,Men,79.31%,12.35%,850,686970,Q1,3/1/2016,Mid,3/1/2016,4/20/2016,66.95123148,B,10191
Under Armour Charged Assert 9,Crisper,74491,12850,9330,December,2022,Holiday,75,Men,17.25%,12.53%,52311,963750,Q4,12/1/2022,Mid,12/1/2022,12/25/2022,4.725403069,D,74491
Fila Disruptor II Premium,White Chocolate,78125,59140,12205,February,2020,Standard,70,Men,75.7%,15.62%,6780,4139800,Q1,2/1/2020,Mid,2/1/2020,4/28/2020,60.0768,B,78125
ASICS Gel-Quantum 90,Creamy,61688,9904,38790,May,2021,Standard,100,Men,16.05%,62.88%,12994,990400,Q2,5/1/2021,Mid,5/1/2021,6/8/2021,-46.82596291,E,61688
Skechers D'Lites,Peanut Butter,48230,22104,10322,December,2023,Anniversary,75,Women,45.83%,21.4%,15804,1657800,Q4,12/1/2023,Mid,12/1/2023,2/17/2024,24.42877877,D,48230
Vans Old Skool,Almond,69343,22822,15309,November,2015,Limited,70,Men,32.91%,22.08%,31212,1597540,Q4,11/1/2015,Mid,11/1/2015,1/3/2016,10.83454711,D,69343
Onitsuka Tiger Mexico 66,Peanut Butter,23848,10386,7365,March,2020,Holiday,100,Women,43.55%,30.88%,6097,1038600,Q1,3/1/2020,Mid,3/1/2020,4/20/2020,12.66772895,D,23848
Lacoste Carnaby Evo,White Chocolate,37215,19808,10102,March,2020,Holiday,95,Men,53.23%,27.14%,7305,1881760,Q1,3/1/2020,Mid,3/1/2020,4/8/2020,26.08088137,C,37215
Superga 2750 Cotu Classic,Peanut Butter,99922,44874,54158,November,2022,Special Release,65,Women,44.91%,54.2%,890,2916810,Q4,11/1/2022,Mid,11/1/2022,12/8/2022,-9.291247173,E,99922
Hoka One One Clifton 8,Peanut Butter,21955,13133,5828,June,2019,Special Release,140,Women,59.82%,26.55%,2994,1838620,Q2,6/1/2019,High,6/1/2019,8/16/2019,33.27260305,C,21955
Saucony Jazz Original,Almond,32789,6018,13251,August,2024,Anniversary,80,Men,18.35%,40.41%,13520,481440,Q3,8/1/2024,Mid,8/1/2024,9/21/2024,-22.05922718,E,32789
Columbia Trailstorm Waterproof,Classic,70560,18357,52023,July,2016,Standard,110,Men,26.02%,73.73%,180,2019270,Q3,7/1/2016,High,7/1/2016,7/27/2016,-47.71258503,E,70560
Nike Air Force 1 '07 Sneakers,Peanut Butter,35969,31990,1640,March,2019,Standard,115,Women,88.94%,4.56%,2339,3678850,Q1,3/1/2019,High,3/1/2019,5/9/2019,84.37821457,A,35969
Adidas Originals Samba OG Shoes,White Chocolate,19828,5357,1056,March,2017,Anniversary,100,Men,27.02%,5.33%,13415,535700,Q1,3/1/2017,Mid,3/1/2017,3/28/2017,21.69154731,D,19828
Air Jordan 1 Mid Shoes,White Chocolate,53456,13029,2798,March,2020,Standard,110,Women,24.37%,5.23%,37629,1433190,Q1,3/1/2020,High,3/1/2020,4/7/2020,19.13910506,D,53456
Red Tape Casual Sneakers,White Chocolate,61773,37514,966,April,2019,Anniversary,35,Men,60.73%,1.56%,23293,1312990,Q2,4/1/2019,Low,4/1/2019,5/15/2019,59.16500737,B,61773
Nike Court Vision Low Shoes,Peanut Butter,46042,23340,14614,November,2024,Limited,80,Men,50.69%,31.74%,8088,1867200,Q4,11/1/2024,Mid,11/1/2024,12/2/2024,18.95226098,D,46042
Puma Smash V2 Sneakers,Creamy,48680,37695,6750,November,2024,Special Release,65,Men,77.43%,13.87%,4235,2450175,Q4,11/1/2024,Mid,11/1/2024,1/16/2025,63.56820049,B,48680
Converse Chuck Taylor All Star,Almond,60202,13993,27474,March,2017,Special Release,60,Men,23.24%,45.64%,18735,839580,Q1,3/1/2017,Mid,3/1/2017,3/28/2017,-22.39294376,E,60202
New Balance 574 Core,Crisper,57069,36436,17842,October,2023,Anniversary,90,Women,63.85%,31.26%,2791,3279240,Q4,10/1/2023,Mid,10/1/2023,12/13/2023,32.58161173,C,57069
Reebok Classic Leather,Crisper,45446,16784,854,July,2018,Special Release,85,Women,36.93%,1.88%,27808,1426640,Q3,7/1/2018,Mid,7/1/2018,8/3/2018,35.05258989,C,45446
Under Armour Charged Assert 9,Classic,71824,51849,19136,August,2017,Limited,75,Men,72.19%,26.64%,839,3888675,Q3,8/1/2017,Mid,8/1/2017,10/3/2017,45.54605703,B,71824
Fila Disruptor II Premium,Almond,79951,12328,28758,June,2021,Anniversary,70,Men,15.42%,35.97%,38865,862960,Q2,6/1/2021,Mid,6/1/2021,6/27/2021,-20.55008693,E,79951
ASICS Gel-Quantum 90,Peanut Butter,41005,25840,13208,April,2023,Holiday,100,Men,63.02%,32.21%,1957,2584000,Q2,4/1/2023,Mid,4/1/2023,6/15/2023,30.80599927,C,41005
Skechers D'Lites,Creamy,56095,42201,9234,August,2016,Special Release,75,Women,75.23%,16.46%,4660,3165075,Q3,8/1/2016,Mid,8/1/2016,9/3/2016,58.76994385,B,56095
Vans Old Skool,Brownie,50508,16505,32141,June,2015,Standard,70,Men,32.68%,63.64%,1862,1155350,Q2,6/1/2015,Mid,6/1/2015,8/30/2015,-30.95747208,E,50508
Onitsuka Tiger Mexico 66,Classic,79002,67650,11,September,2018,Special Release,100,Men,85.63%,0.01%,11341,6765000,Q3,9/1/2018,Mid,9/1/2018,9/24/2018,85.61681983,A,79002
Lacoste Carnaby Evo,Almond,33260,31293,1729,September,2024,Holiday,95,Men,94.09%,5.2%,238,2972835,Q3,9/1/2024,Mid,9/1/2024,11/25/2024,88.88755262,A,33260
Superga 2750 Cotu Classic,Brownie,28566,8634,17245,August,2024,Holiday,65,Women,30.22%,60.37%,2687,561210,Q3,8/1/2024,Mid,8/1/2024,9/12/2024,-30.1442274,E,28566
Hoka One One Clifton 8,Creamy,96787,56851,38405,February,2016,Holiday,140,Men,58.74%,39.68%,1531,7959140,Q1,2/1/2016,High,2/1/2016,4/7/2016,19.05834461,D,96787
Saucony Jazz Original,Peanut Butter,67261,56894,7982,April,2022,Holiday,80,Women,84.59%,11.87%,2385,4551520,Q2,4/1/2022,Mid,4/1/2022,5/1/2022,72.71970384,B,67261
Columbia Trailstorm Waterproof,Peanut Butter,97232,82194,13344,December,2016,Anniversary,110,Women,84.53%,13.72%,1694,9041340,Q4,12/1/2016,High,12/1/2016,2/22/2017,70.81002139,B,97232
Nike Air Force 1 '07 Sneakers,Peanut Butter,33292,28882,14,November,2022,Special Release,115,Men,86.75%,0.04%,4396,3321430,Q4,11/1/2022,High,11/1/2022,11/27/2022,86.71152229,A,33292
Adidas Originals Samba OG Shoes,Peanut Butter,88956,46709,40067,June,2017,Special Release,100,Women,52.51%,45.04%,2180,4670900,Q2,6/1/2017,Mid,6/1/2017,7/10/2017,7.466612707,D,88956
Air Jordan 1 Mid Shoes,Peanut Butter,53406,10099,15597,November,2018,Holiday,110,Men,18.91%,29.2%,27710,1110890,Q4,11/1/2018,High,11/1/2018,1/6/2019,-10.29472344,E,53406
Red Tape Casual Sneakers,White Chocolate,97821,88768,5500,January,2020,Standard,35,Men,90.75%,5.62%,3553,3106880,Q1,1/1/2020,Low,1/1/2020,3/8/2020,85.12282639,A,97821
Nike Court Vision Low Shoes,Creamy,18885,10742,2102,October,2023,Standard,80,Men,56.88%,11.13%,6041,859360,Q4,10/1/2023,Mid,10/1/2023,11/7/2023,45.75059571,B,18885
Puma Smash V2 Sneakers,Crisper,67438,53010,6875,November,2016,Anniversary,65,Women,78.61%,10.19%,7553,3445650,Q4,11/1/2016,Mid,11/1/2016,12/1/2016,68.4109849,B,67438
Converse Chuck Taylor All Star,Almond,81568,54197,3323,April,2024,Anniversary,60,Men,66.44%,4.07%,24048,3251820,Q2,4/1/2024,Mid,4/1/2024,6/11/2024,62.37004708,B,81568
New Balance 574 Core,Peanut Butter,69151,9830,52376,June,2024,Standard,90,Women,14.22%,75.74%,6945,884700,Q2,6/1/2024,Mid,6/1/2024,7/24/2024,-61.52622522,E,69151
Reebok Classic Leather,Almond,23726,7431,5600,November,2016,Anniversary,85,Men,31.32%,23.6%,10695,631635,Q4,11/1/2016,Mid,11/1/2016,1/7/2017,7.717272191,D,23726
Under Armour Charged Assert 9,Brownie,22203,16073,4866,November,2021,Anniversary,75,Women,72.39%,21.92%,1264,1205475,Q4,11/1/2021,Mid,11/1/2021,12/27/2021,50.47516101,B,22203
Fila Disruptor II Premium,Creamy,31626,24900,3556,October,2016,Standard,70,Men,78.73%,11.24%,3170,1743000,Q4,10/1/2016,Mid,10/1/2016,12/12/2016,67.48877506,B,31626
ASICS Gel-Quantum 90,Peanut Butter,63645,50691,9078,February,2023,Special Release,100,Women,79.65%,14.26%,3876,5069100,Q1,2/1/2023,Mid,2/1/2023,3/26/2023,65.38298374,B,63645
Skechers D'Lites,Almond,41135,11285,1626,May,2019,Special Release,75,Women,27.43%,3.95%,28224,846375,Q2,5/1/2019,Mid,5/1/2019,5/29/2019,23.48122037,D,41135
Vans Old Skool,Peanut Butter,17144,10911,31,October,2019,Standard,70,Women,63.64%,0.18%,6202,763770,Q4,10/1/2019,Mid,10/1/2019,10/20/2019,63.46243584,B,17144
Onitsuka Tiger Mexico 66,Peanut Butter,22712,5843,6781,November,2016,Holiday,100,Women,25.73%,29.86%,10088,584300,Q4,11/1/2016,Mid,11/1/2016,12/20/2016,-4.129975343,E,22712
Lacoste Carnaby Evo,White Chocolate,25139,15104,6512,April,2020,Anniversary,95,Women,60.08%,25.9%,3523,1434880,Q2,4/1/2020,Mid,4/1/2020,6/29/2020,34.17797048,C,25139
Superga 2750 Cotu Classic,Classic,94130,76319,12698,January,2017,Holiday,65,Women,81.08%,13.49%,5113,4960735,Q1,1/1/2017,Mid,1/1/2017,2/2/2017,67.58844152,B,94130
Hoka One One Clifton 8,Peanut Butter,68428,7924,17255,December,2019,Anniversary,140,Women,11.58%,25.22%,43249,1109360,Q4,12/1/2019,High,12/1/2019,2/29/2020,-13.63623078,E,68428
Saucony Jazz Original,Brownie,18079,7476,1584,December,2015,Holiday,80,Women,41.35%,8.76%,9019,598080,Q4,12/1/2015,Mid,12/1/2015,12/24/2015,32.59029814,C,18079
Columbia Trailstorm Waterproof,White Chocolate,87296,34820,36280,September,2015,Anniversary,110,Women,39.89%,41.56%,16196,3830200,Q3,9/1/2015,High,9/1/2015,11/28/2015,-1.672470674,D,87296
